Fill,Beam E,Start T,Stop T,Blue P_0,Blue dP/dT,Yellow P_0,Yellow dP/dT,Yellow dP/dT Error,Yellow P_0 Error,Blue dP/dT Error,Blue P_0 Error,Duration,Yellow P_f,Blue P_f,Yellow P_avg,Blue P_avg
34372,100,2024-04-27 03:58:20,2024-04-27 04:17:31,64.23,-0.18,61.11,-0.04,0.74,3.5,0.54,6.65,1151.0,61.102184709999996,64.193035635,61.106092355,64.21151781750001
34373,100,2024-04-27 04:53:14,2024-04-27 10:19:31,65.01,-2.72,61.23,-0.42,0.44,2.36,0.73,3.04,19577.0,59.831517005,55.39403862666667,60.5307585025,60.20201931333334
34374,100,2024-04-27 10:53:45,2024-04-27 19:46:17,69.02,-0.18,64.55,-0.04,0.74,2.85,0.54,3.8,31952.0,64.32083315555555,67.91733648,64.43541657777777,68.46866824
34375,100,2024-04-27 20:34:14,2024-04-28 04:54:44,66.61,-1.42,61.18,-0.56,0.34,2.03,0.67,4.16,30030.0,58.322078266666665,58.71993448333333,59.751039133333336,62.664967241666666
34376,100,2024-04-28 05:28:31,2024-04-28 16:17:27,60.92,-0.18,64.35,-0.04,0.74,2.93,0.54,3.33,38936.0,64.0716076,59.73400944,64.2108038,60.327004720000005
34379,100,2024-04-28 22:18:46,2024-04-29 03:56:35,59.79,-0.31,56.87,-0.1,0.62,2.78,0.74,3.14,20269.0,56.54980610277777,58.746433644166665,56.709903051388885,59.26821682208333
34380,100,1970-01-01 00:00:00,1970-01-01 00:00:00,61.63,-0.18,68.95,-0.04,0.74,3.79,0.54,3.93,0.0,68.95,61.63,68.95,61.63
34383,100,2024-04-29 06:57:52,2024-04-29 11:50:39,66.16,-1.17,72.39,-1.74,0.71,3.22,1.12,3.76,17567.0,66.243570205,62.382743659999996,69.3167851025,64.27137182999999
34387,100,1970-01-01 00:00:00,1970-01-01 00:00:00,64.04,-0.18,64.19,-0.04,0.74,2.59,0.54,3.95,0.0,64.19,64.04,64.19,64.04
34388,100,2024-04-30 04:03:46,2024-04-30 14:14:20,60.98,-0.26,63.43,-0.4,0.28,2.01,0.58,3.29,36634.0,60.84811708888889,59.36659793555555,62.139058544444445,60.173298967777775
34394,100,1970-01-01 00:00:00,1970-01-01 00:00:00,73.0,-0.18,57.46,-0.04,0.74,5.5,0.54,16.15,0.0,57.46,73.0,57.46,73.0
34395,100,2024-04-30 22:10:59,2024-05-01 06:29:48,67.07,-0.33,63.41,0.13,0.76,4.79,1.55,10.97,29929.0,64.09531590472221,65.22994013916666,63.752657952361105,66.14997006958333
34396,100,2024-05-01 07:35:22,2024-05-01 08:37:47,61.64,-0.18,71.44,-0.04,0.74,6.02,0.54,7.17,3745.0,71.41027302222223,61.5245791,71.4251365111111,61.58228955
34399,100,2024-05-01 10:13:46,2024-05-01 11:51:34,82.49,-0.18,66.0,-0.04,0.74,6.04,0.54,8.16,5868.0,65.956968,82.24797434,65.97848400000001,82.36898717
34403,100,2024-05-01 15:40:02,2024-05-02 02:29:24,62.15,0.36,65.77,-0.17,0.21,2.22,0.27,2.38,38962.0,64.55991603944443,64.5714883,65.1649580197222,63.36074415
34404,100,2024-05-02 03:20:18,2024-05-02 03:20:59,61.66,-0.18,61.94,-0.04,0.74,2.33,0.54,4.56,41.0,61.93971782888889,61.658735969999995,61.93985891444444,61.659367984999996
34405,100,2024-05-02 04:12:28,2024-05-02 04:13:58,65.46,-0.18,60.27,-0.04,0.74,2.2,0.54,2.87,90.0,60.26939730000001,65.4570543,60.26969865000001,65.45852715
34406,100,2024-05-02 06:25:15,2024-05-02 14:31:37,64.9,-0.69,60.43,0.12,0.38,2.11,0.48,2.34,29182.0,61.01782275333334,61.27000238333334,60.72391137666667,63.08500119166668
34408,100,2024-05-02 22:22:09,2024-05-03 06:42:04,74.97,-6.02,65.32,-4.68,0.34,2.3,0.36,2.38,29995.0,39.8494458,37.366318325,52.584722899999996,56.168159162500004
34412,100,2024-05-03 12:43:30,2024-05-03 17:29:03,68.92,-0.89,62.64,-0.39,0.48,2.17,0.77,2.68,17133.0,61.47735462,66.00078427666666,62.05867731,67.46039213833333
34416,100,1970-01-01 00:00:00,1970-01-01 00:00:00,66.78,-0.18,62.41,-0.04,0.74,2.47,0.54,2.83,0.0,62.41,66.78,62.41,66.78
34418,100,2024-05-03 23:07:53,2024-05-04 13:33:42,62.18,-0.18,59.91,-0.04,0.74,3.02,0.54,3.4,51949.0,59.56419282333333,60.56490559,59.73709641166666,61.372452795
34419,100,2024-05-04 14:42:53,2024-05-04 23:38:34,69.04,0.02,63.27,-0.64,0.37,2.83,0.47,3.28,32141.0,59.65478032,69.16327859111112,61.46239016,69.10163929555557
34420,100,2024-05-05 00:27:33,2024-05-05 14:13:40,61.94,-0.18,57.9,0.03,0.25,2.84,0.28,3.18,49567.0,58.139160775,60.40491001,58.0195803875,61.172455005
34421,100,2024-05-05 14:59:25,2024-05-06 02:43:00,52.64,0.33,51.59,-0.06,0.27,2.92,0.4,3.64,42215.0,51.22702135833334,54.67701446666667,51.40851067916667,53.65850723333334
34422,100,2024-05-06 05:12:50,2024-05-06 13:59:53,56.25,-0.0,55.31,0.03,0.4,2.88,0.48,3.24,31623.0,55.4557556775,56.25,55.382877838750005,56.25
34423,100,2024-05-06 19:27:51,2024-05-07 06:01:59,33.75,-0.18,38.89,-0.04,0.74,3.11,0.54,3.28,38048.0,38.72559036444444,33.10794,38.80779518222222,33.42897
34443,100,2024-05-11 04:06:24,2024-05-11 06:11:50,46.59,1.63,48.38,1.92,1.71,2.77,1.96,2.78,7526.0,50.32190869333333,48.177603428333335,49.35095434666667,47.383801714166665
34444,100,2024-05-11 07:04:02,2024-05-11 09:08:39,49.4,2.73,45.63,1.25,1.47,2.54,1.25,2.18,7477.0,46.8146371875,52.201008816666665,46.22231859375,50.80050440833333
34446,100,2024-05-11 10:41:43,2024-05-11 12:49:46,40.57,-0.18,47.28,-0.04,0.74,2.94,0.54,2.86,7683.0,47.23963864,40.414150344999996,47.259819320000005,40.492075172499995
34447,100,2024-05-11 13:47:23,2024-05-11 16:04:56,37.62,-0.22,43.62,-0.31,1.32,2.53,1.72,2.98,8253.0,43.310003564999995,37.43026353,43.465001782499996,37.525131765
34448,100,2024-05-11 16:50:48,2024-05-11 20:03:23,40.3,-1.42,45.93,-0.03,0.95,2.55,1.26,3.29,11555.0,45.8857732375,38.4632043611111,45.90788661875,39.38160218055555
34450,100,2024-05-12 00:54:53,2024-05-12 04:05:42,37.63,0.74,43.93,0.18,0.95,2.46,1.22,2.73,11449.0,44.18147728499999,38.515586510555565,44.055738642499996,38.07279325527779
34451,100,2024-05-12 04:48:55,2024-05-12 07:54:32,38.62,1.68,46.76,-0.13,0.99,2.52,1.2,2.73,11137.0,46.571945567777774,40.62718438666666,46.66597278388889,39.62359219333333
34452,100,2024-05-12 08:39:30,2024-05-12 11:51:15,41.07,1.45,42.99,1.15,0.98,2.7,1.1,2.53,11505.0,44.5699720625,42.9731666875,43.779986031250004,42.021583343749995
34453,100,2024-05-12 12:44:31,2024-05-12 15:52:26,39.38,0.18,45.27,-0.67,1.01,2.61,1.1,2.37,11275.0,44.3200530625,39.60200475,44.79502653125,39.491002375
34460,100,2024-05-13 07:52:43,2024-05-13 13:53:27,48.8,0.01,44.88,0.22,0.53,2.5,0.46,2.61,21644.0,45.47362277333334,48.829339644444445,45.17681138666667,48.81466982222222
34464,100,2024-05-13 19:16:12,2024-05-14 02:50:36,52.72,-0.18,52.8,-0.04,0.74,7.42,0.54,3.66,27264.0,52.640051199999995,52.00132096,52.7200256,52.36066048
34465,100,2024-05-14 03:56:21,2024-05-14 13:02:47,42.23,-0.18,47.78,-0.04,0.74,3.92,0.54,3.54,32786.0,47.605942768888895,41.53772361,47.69297138444445,41.883861804999995
34472,100,2024-05-14 21:10:55,2024-05-15 05:56:36,52.92,0.3,47.29,0.68,0.45,3.17,0.33,4.52,31541.0,50.10741734777777,54.3109581,48.69870867388889,53.615479050000005
34485,100,2024-05-17 03:48:59,2024-05-17 14:23:19,38.52,-0.18,42.54,-0.04,0.74,3.13,0.54,4.23,38060.0,42.36010306666667,37.7869644,42.45005153333334,38.1534822
34487,100,2024-05-17 16:55:09,2024-05-17 17:23:25,47.93,-0.18,50.31,-0.04,0.74,3.91,0.54,4.05,1696.0,50.30051936,47.88935536,50.305259680000006,47.90967768
34489,100,2024-05-17 20:43:05,2024-05-17 21:29:42,52.27,-0.18,53.52,-0.04,0.74,2.52,0.54,2.02,2797.0,53.50336717333334,52.19690040500001,53.51168358666667,52.23345020250001
34492,100,2024-05-18 05:11:17,2024-05-18 14:18:42,42.39,0.25,42.28,-0.12,0.35,2.44,0.37,2.55,32845.0,41.81710446666667,43.356874687499996,42.04855223333334,42.87343734375
34493,100,1970-01-01 00:00:00,1970-01-01 00:00:00,50.67,-0.18,54.7,-0.04,0.74,6.07,0.54,3.27,0.0,54.7,50.67,54.7,50.67
34494,100,2024-05-18 16:07:48,2024-05-18 16:25:53,50.39,-0.18,49.83,-0.04,0.74,3.85,0.54,3.28,1085.0,49.823992716666666,50.362663425,49.82699635833333,50.376331712500004
34496,100,2024-05-18 18:21:14,2024-05-18 21:22:11,48.52,-0.18,48.74,-0.04,0.74,3.41,0.54,3.52,10857.0,48.681203313333334,48.256609180000005,48.71060165666667,48.388304590000004
34499,100,2024-05-19 01:34:35,2024-05-19 09:48:33,47.42,-0.55,51.39,0.02,0.45,2.8,0.41,2.36,29638.0,51.47461649,45.27280922777778,51.432308245,46.34640461388889
34500,100,2024-05-19 10:32:41,2024-05-19 11:52:32,46.8,-0.18,49.64,-0.04,0.74,2.42,0.54,2.11,4791.0,49.613574973333336,46.687890599999996,49.62678748666667,46.74394529999999
34503,100,2024-05-19 18:31:37,2024-05-20 02:46:31,43.2,-0.01,47.83,0.25,0.33,2.46,0.24,1.67,29694.0,48.81629445833333,43.1643672,48.323147229166665,43.1821836
34504,100,2024-05-20 03:34:22,2024-05-20 13:49:03,43.14,0.01,55.97,0.3,0.31,2.8,0.22,1.74,36881.0,57.69019130833333,43.18419573166666,56.83009565416667,43.16209786583333
34509,100,2024-05-20 21:29:41,2024-05-21 06:23:33,39.02,-0.04,44.78,-0.1,0.29,2.04,0.27,2.01,32032.0,44.38155751111111,38.88112348444445,44.580778755555556,38.95056174222223
34510,100,2024-05-21 07:27:14,2024-05-21 07:28:28,42.86,-0.18,48.83,-0.04,0.74,3.1,0.54,2.58,74.0,48.829598508888886,42.858414180000004,48.82979925444444,42.85920709
34515,100,2024-05-22 00:32:40,2024-05-22 11:44:42,41.92,-0.4,49.58,-0.04,0.22,1.92,0.24,2.14,40322.0,49.35787058222222,40.041890844444445,49.46893529111111,40.98094542222222
34517,100,2024-05-23 00:37:39,2024-05-23 12:44:06,47.78,-0.52,46.68,-0.13,0.24,2.02,0.21,2.04,43587.0,45.945268469999995,44.77181898,46.312634235,46.275909490000004
34519,100,2024-05-23 19:54:05,2024-05-23 22:00:19,46.61,-0.18,50.39,-0.04,0.74,1.99,0.54,2.5,7574.0,50.34759401555556,46.43348793,50.36879700777778,46.521743965
34521,100,2024-05-24 03:20:17,2024-05-24 11:45:58,48.73,0.16,51.47,-0.04,0.27,1.75,0.41,2.07,30341.0,51.296483192222226,49.38711863555556,51.38324159611111,49.05855931777778
34525,100,2024-05-24 18:32:27,2024-05-25 02:57:50,43.93,0.25,57.43,-0.66,0.33,2.31,0.31,2.2,30323.0,54.23734186833333,44.85506207638888,55.83367093416666,44.39253103819444
34526,100,2024-05-25 04:04:46,2024-05-25 12:34:01,34.45,0.19,43.99,-0.2,0.3,2.18,0.28,2.02,30555.0,43.24326975,35.0055493125,43.616634875,34.727774656250006
34527,100,2024-05-25 14:00:30,2024-05-25 22:34:05,52.67,-0.36,53.75,0.2,0.29,1.9,0.27,1.72,30815.0,54.67017013888889,51.04697395,54.210085069444446,51.858486975000005
34528,100,2024-05-25 23:46:17,2024-05-26 08:30:16,41.02,-0.25,49.77,-0.21,0.3,2.29,0.29,2.02,31439.0,48.8572472325,40.12442515277778,49.31362361625,40.57221257638889
34529,100,2024-05-26 09:39:17,2024-05-26 18:00:51,40.87,0.05,56.29,-0.04,0.33,2.29,0.28,1.99,30094.0,56.10177874888889,41.040825247222216,56.19588937444445,40.95541262361111
34531,100,2024-05-26 20:02:18,2024-05-27 04:20:16,43.41,-0.43,52.75,-0.35,0.29,2.04,0.3,1.94,29878.0,51.217715069444445,41.86080080166666,51.98385753472222,42.63540040083333
34532,100,2024-05-27 05:27:57,2024-05-27 13:42:53,44.22,0.09,56.64,0.29,0.46,2.4,0.57,1.83,29696.0,57.99492949333334,44.548289280000006,57.31746474666667,44.38414464
34535,100,2024-05-27 16:32:57,2024-05-27 20:34:18,45.2,0.2,53.3,0.88,0.8,2.76,0.9,2.44,14481.0,55.1867134,45.56363400000001,54.2433567,45.381817000000005
34536,100,2024-05-27 23:20:47,2024-05-28 22:14:13,46.45,0.6,48.61,-0.29,0.44,2.19,0.53,2.15,82406.0,45.38314127388889,52.82959783333334,46.99657063694444,49.63979891666667
34547,100,2024-05-29 22:32:22,2024-05-30 07:25:25,51.33,-0.56,49.82,0.22,0.27,1.98,0.24,1.81,31983.0,50.79374020333333,48.776264059999995,50.30687010166666,50.05313203
34548,100,2024-05-30 09:04:41,2024-05-30 17:28:41,53.32,-1.23,62.68,0.06,0.32,2.32,0.3,2.05,30240.0,62.9959072,47.8109776,62.8379536,50.5654888
34549,100,2024-05-30 21:50:24,2024-05-31 06:18:05,48.5,0.27,53.04,0.25,0.29,1.96,0.3,2.04,30461.0,54.161980166666666,49.608018875000006,53.60099008333333,49.0540094375
34550,100,2024-05-31 07:30:06,2024-05-31 07:31:31,56.69,-0.18,52.67,-0.04,0.74,2.75,0.54,2.46,85.0,52.669502561111116,56.687590675,52.66975128055556,56.6887953375
34551,100,1970-01-01 00:00:00,1970-01-01 00:00:00,54.33,-0.18,57.38,-0.04,0.74,3.14,0.54,2.65,0.0,57.38,54.33,57.38,54.33
34553,100,2024-05-31 15:04:52,2024-05-31 15:08:32,52.77,-0.18,58.86,-0.04,0.74,2.79,0.54,2.64,220.0,58.8585612,52.7641953,58.8592806,52.76709765
34554,100,2024-05-31 16:30:41,2024-05-31 16:31:15,49.42,-0.18,51.22,-0.04,0.74,2.75,0.54,2.33,34.0,51.21980650222222,49.41915986,51.219903251111106,49.41957993
34555,100,2024-05-31 18:04:45,2024-05-31 18:05:47,50.41,-0.18,50.32,-0.04,0.74,2.63,0.54,2.32,62.0,50.319653351111114,50.408437289999995,50.31982667555556,50.409218644999996
34558,100,2024-05-31 21:49:17,2024-05-31 22:38:59,53.1,-0.18,56.14,-0.04,0.74,2.96,0.54,3.04,2982.0,56.121398946666666,53.0208279,56.13069947333334,53.06041395
34566,100,2024-06-01 16:24:14,2024-06-01 23:22:57,60.0,-0.15,60.71,-0.51,0.37,2.16,0.38,2.06,25123.0,58.549275449166664,59.371925,59.62963772458333,59.6859625
34567,100,2024-06-02 02:38:24,2024-06-02 02:39:08,58.16,-0.18,60.02,-0.04,0.74,3.14,0.54,2.67,44.0,60.019706568888886,58.15872048,60.019853284444444,58.15936024
34568,100,2024-06-02 03:50:24,2024-06-02 10:22:41,57.43,0.07,56.56,0.64,0.42,2.18,0.42,2.18,23537.0,58.92667150222223,57.692836371388886,57.74333575111112,57.56141818569444
34569,100,2024-06-02 11:27:57,2024-06-02 16:01:30,55.46,1.54,64.4,0.52,0.83,2.71,0.83,2.42,16413.0,65.92677373333333,59.353911303333334,65.16338686666667,57.406955651666664
34570,100,2024-06-02 17:43:01,2024-06-03 00:12:09,56.13,-0.22,59.77,0.35,0.38,2.13,0.42,2.15,23348.0,61.126745794444446,55.32912468666667,60.44837289722223,55.729562343333335
34571,100,2024-06-03 01:25:35,2024-06-03 07:47:19,55.05,0.43,60.73,-0.23,0.42,2.16,0.46,2.28,22904.0,59.84133116222222,56.55603343333333,60.285665581111104,55.80301671666666
34572,100,2024-06-03 09:00:21,2024-06-03 15:23:15,57.09,-1.1,56.79,-0.17,0.41,2.33,0.41,2.1,22974.0,56.173894755,53.08237715,56.4819473775,55.086188575
34573,100,2024-06-03 17:05:55,2024-06-04 00:01:19,52.64,-1.05,55.22,0.38,0.46,2.27,0.46,2.26,24924.0,56.67276457333334,48.813335200000004,55.94638228666667,50.7266676
34574,100,2024-06-04 02:03:27,2024-06-04 08:30:09,54.18,-0.32,56.75,-0.23,0.38,2.12,0.4,2.0,23202.0,55.908766375,53.062591680000004,56.3293831875,53.62129584
34575,100,2024-06-04 09:45:19,2024-06-04 16:57:06,53.21,-0.4,58.94,0.23,0.48,2.47,0.47,2.1,25907.0,59.91555687055555,51.678320588888894,59.42777843527777,52.444160294444444
34576,100,2024-06-04 19:34:38,2024-06-04 19:35:17,59.76,-0.18,52.46,-0.04,0.74,2.97,0.54,3.43,39.0,52.45977267333333,59.75883468,52.45988633666667,59.75941734
34577,100,2024-06-04 20:44:24,2024-06-05 03:05:53,55.93,-0.36,49.84,0.4,0.78,4.22,0.93,4.94,22889.0,51.10754195555556,54.649818229999994,50.47377097777778,55.289909115
34578,100,2024-06-05 04:24:28,2024-06-05 11:56:47,52.0,-0.99,55.54,0.14,0.28,1.91,0.29,1.93,27139.0,56.12617224555556,48.119123,55.83308612277778,50.0595615
34584,100,2024-06-07 05:22:18,2024-06-07 05:23:50,54.48,-0.18,51.67,-0.04,0.74,2.94,0.54,2.55,92.0,51.669471817777776,54.47749392,51.66973590888889,54.478746959999995
34585,100,2024-06-07 07:09:49,2024-06-07 13:18:00,50.67,-0.58,55.74,0.09,0.44,2.36,0.36,1.96,22091.0,56.047838084999995,48.866601215,55.8939190425,49.7683006075
34586,100,2024-06-07 19:18:19,2024-06-08 01:35:41,51.63,0.08,58.04,-0.1,0.39,2.07,0.41,2.02,22642.0,57.67496064444444,51.889779213333334,57.857480322222216,51.75988960666667
34587,100,2024-06-08 02:48:28,2024-06-08 09:06:22,55.74,-0.97,56.38,-0.02,0.39,2.15,0.43,2.18,22674.0,56.30897999333334,52.33462973,56.34448999666667,54.037314865
34589,100,2024-06-08 11:25:50,2024-06-08 11:26:58,57.64,-0.18,56.53,-0.04,0.74,3.03,0.54,2.82,68.0,56.52957288444445,57.63804024,56.529786442222225,57.63902012
34590,100,2024-06-08 12:42:50,2024-06-08 12:44:42,59.95,-0.18,56.61,-0.04,0.74,2.62,0.54,2.68,112.0,56.609295519999996,59.946642800000006,56.60964776,59.948321400000005
34591,100,2024-06-08 14:05:53,2024-06-08 20:20:41,59.13,-0.36,61.81,-0.59,0.35,1.92,0.33,1.74,22488.0,59.531971846666664,57.80028456000001,60.67098592333333,58.46514228000001
34592,100,2024-06-08 21:46:35,2024-06-09 03:56:00,48.4,-0.15,54.83,0.25,0.44,2.29,0.41,1.9,22165.0,55.67396315972222,47.95300583333333,55.25198157986111,48.176502916666664
34593,100,2024-06-09 06:04:53,2024-06-09 12:22:46,52.05,-0.01,52.41,0.16,0.4,2.09,0.4,1.9,22673.0,52.93812974666666,52.017218620833326,52.67406487333333,52.033609310416665
34594,100,2024-06-09 14:01:15,2024-06-09 18:32:44,53.21,-0.44,55.22,-0.24,0.75,2.22,0.75,2.05,16289.0,54.62034761333333,52.15065393444444,54.92017380666667,52.68032696722222
34595,100,2024-06-09 22:15:49,2024-06-09 22:19:02,43.14,-0.18,53.1,-0.04,0.74,3.32,0.54,2.38,193.0,53.0988613,43.13583699,53.09943065,43.137918495
34596,100,2024-06-10 00:02:26,2024-06-10 06:15:13,47.9,0.33,49.83,0.34,0.45,2.42,0.4,1.92,22367.0,50.88262829833333,48.882097691666665,50.356314149166664,48.39104884583333
34597,100,2024-06-10 07:36:36,2024-06-10 15:21:21,46.09,-0.08,50.41,-0.07,0.31,2.06,0.34,1.93,27885.0,50.13667277916666,45.804395633333336,50.27333638958333,45.94719781666667
34603,100,1970-01-01 00:00:00,1970-01-01 00:00:00,45.98,-0.18,41.65,-0.04,0.74,2.63,0.54,2.73,0.0,41.65,45.98,41.65,45.98
34607,100,2024-06-11 03:31:50,2024-06-11 03:33:12,48.19,-0.18,50.81,-0.04,0.74,2.85,0.54,2.46,82.0,50.80953706444445,48.18802421,50.80976853222222,48.189012105
34608,100,2024-06-11 05:50:56,2024-06-11 12:14:20,59.4,-0.37,54.66,-0.37,0.38,1.98,0.39,2.06,23004.0,53.36767362,57.9956058,54.01383681,58.6978029
34609,100,2024-06-11 15:06:14,2024-06-11 19:41:16,48.71,0.39,51.32,-0.76,0.51,2.13,0.53,2.09,16502.0,49.53213664888889,49.58079678833333,50.426068324444444,49.14539839416666
34610,100,2024-06-11 20:53:08,2024-06-11 20:55:28,48.6,-0.18,46.1,-0.04,0.74,2.54,0.54,2.46,140.0,46.099282888888894,48.596598,46.099641444444444,48.598299
34611,100,2024-06-11 22:09:40,2024-06-11 22:10:18,49.33,-0.18,47.52,-0.04,0.74,2.62,0.54,3.57,38.0,47.51979936000001,49.32906273,47.51989968000001,49.329531364999994
34612,100,1970-01-01 00:00:00,1970-01-01 00:00:00,48.43,-0.18,47.97,-0.04,0.74,2.68,0.54,2.53,0.0,47.97,48.43,47.97,48.43
34613,100,2024-06-12 00:43:20,2024-06-12 00:43:55,49.43,-0.18,48.61,-0.04,0.74,2.77,0.54,2.81,35.0,48.60981096111111,49.429134975,48.609905480555554,49.429567487499995
34614,100,2024-06-12 01:55:50,2024-06-12 13:52:30,51.81,0.02,54.1,-0.08,0.18,1.67,0.19,1.83,43000.0,53.58304444444445,51.93376833333334,53.841522222222224,51.871884166666675
34644,100,1970-01-01 00:00:00,1970-01-01 00:00:00,56.18,-0.18,59.13,-0.04,0.74,2.66,0.54,2.95,0.0,59.13,56.18,59.13,56.18
34646,100,2024-06-16 15:43:30,2024-06-17 02:05:47,53.42,0.14,59.37,-1.05,0.23,2.04,0.24,2.06,37337.0,52.904631737500004,54.19565543222222,56.13731586875,53.807827716111106
34647,100,2024-06-17 03:24:22,2024-06-17 11:05:15,54.46,0.26,56.74,-0.11,0.29,2.07,0.3,2.25,27653.0,56.260573793888895,55.54765394111111,56.500286896944445,55.00382697055555
34648,100,2024-06-17 12:24:29,2024-06-17 19:03:48,44.83,0.09,51.73,-0.31,0.34,1.84,0.34,1.69,23959.0,50.66273968972222,45.09852049249999,51.19636984486111,44.96426024624999
34649,100,1970-01-01 00:00:00,1970-01-01 00:00:00,48.51,-0.18,53.61,-0.04,0.74,2.55,0.54,2.72,0.0,53.61,48.51,53.61,48.51
34651,100,1970-01-01 00:00:00,1970-01-01 00:00:00,49.76,-0.18,54.74,-0.04,0.74,2.79,0.54,2.37,0.0,54.74,49.76,54.74,49.76
34652,100,2024-06-18 06:07:38,2024-06-18 07:02:49,54.51,-0.18,51.54,-0.04,0.74,2.35,0.54,2.49,3311.0,51.52103900666667,54.419758695,51.53051950333334,54.4648793475
34654,100,2024-06-18 10:48:54,2024-06-18 10:50:00,51.77,-0.18,58.93,-0.04,0.74,2.94,0.54,2.76,66.0,58.929567846666664,51.768291590000004,58.92978392333333,51.769145795
34655,100,2024-06-18 12:04:14,2024-06-18 14:45:17,56.84,-0.44,54.43,1.12,0.91,2.3,0.86,2.21,9663.0,56.06631094666666,56.16870065333333,55.24815547333333,56.50435032666667
34660,100,1970-01-01 00:00:00,1970-01-01 00:00:00,52.84,-0.18,55.36,-0.04,0.74,2.96,0.54,2.82,0.0,55.36,52.84,55.36,52.84
34662,100,1970-01-01 00:00:00,1970-01-01 00:00:00,56.14,-0.18,60.28,-0.04,0.74,2.66,0.54,2.58,0.0,60.28,56.14,60.28,56.14
34663,100,2024-06-19 07:52:37,2024-06-19 07:53:13,57.67,-0.18,60.21,-0.04,0.74,2.65,0.54,2.89,36.0,60.20975916,57.66896194,60.20987958,57.66948097
34664,100,2024-06-19 09:06:10,2024-06-19 14:28:52,60.83,-0.81,61.89,0.38,0.49,2.26,0.47,2.38,19362.0,63.15488719,58.179971465,62.522443595,59.5049857325
34667,100,2024-06-20 00:30:00,2024-06-20 06:45:13,56.3,-0.18,60.38,0.24,0.37,1.94,0.36,1.98,22513.0,61.286223293333336,55.666259049999994,60.833111646666666,55.983129524999995
34668,100,2024-06-20 07:56:40,2024-06-20 12:12:18,62.8,-0.74,60.59,0.07,0.5,1.92,0.53,2.15,15338.0,60.77070294277778,60.820034622222224,60.68035147138889,61.81001731111111
34681,100,2024-06-21 23:17:23,2024-06-22 07:45:33,56.71,-0.74,56.11,-1.67,0.28,2.29,0.27,2.12,30490.0,48.17381718611111,53.15576376111111,52.141908593055554,54.932881880555556
34685,100,2024-06-22 11:36:46,2024-06-22 17:51:31,62.97,-0.49,56.06,-2.29,0.39,2.01,0.43,2.37,22485.0,48.041761558333334,61.0428293875,52.05088077916667,62.00641469375
34687,100,2024-06-22 20:15:06,2024-06-23 02:25:03,59.35,-0.22,55.04,-2.51,0.43,2.54,0.41,2.24,22197.0,46.521876586666664,58.54492714166667,50.780938293333335,58.947463570833335
34688,100,2024-06-23 03:57:53,2024-06-23 06:41:06,59.97,-1.41,58.01,-2.85,0.93,2.17,0.75,2.09,9793.0,53.51260555416666,57.6697956775,55.76130277708333,58.819897838749995
34689,100,2024-06-23 10:39:32,2024-06-23 16:48:45,55.38,-0.07,54.88,-1.91,0.41,2.13,0.38,2.02,22153.0,48.42973560444445,55.14144911166667,51.65486780222223,55.260724555833335
34690,100,2024-06-23 18:08:08,2024-06-23 22:33:38,58.36,-0.07,57.11,-1.37,0.82,2.57,0.74,2.52,15930.0,53.647849025,58.1792299,55.3789245125,58.269614950000005
34691,100,2024-06-24 00:30:38,2024-06-24 06:47:04,54.55,-0.18,54.66,-1.52,0.46,2.32,0.4,2.18,22586.0,49.447452346666665,53.93396685,52.05372617333333,54.241983425
34692,100,2024-06-24 07:59:46,2024-06-24 09:18:20,55.46,-0.18,58.57,-0.04,0.74,2.81,0.54,3.02,4714.0,58.53932233555555,55.32928078,58.55466116777778,55.39464039
34693,100,2024-06-24 10:43:00,2024-06-24 17:14:57,55.57,-0.06,57.15,-0.99,0.4,2.1,0.38,2.09,23517.0,53.454009487499995,55.352193385,55.30200474375,55.4610966925
34694,100,2024-06-24 18:44:00,2024-06-24 23:30:12,56.42,1.47,60.51,-0.21,0.52,2.09,0.63,2.51,17172.0,59.903871329999994,60.37611398000001,60.206935664999996,58.39805699
34695,100,2024-06-25 01:04:59,2024-06-25 01:06:17,58.18,-0.18,60.94,-0.04,0.74,2.12,0.54,2.8,78.0,60.93947185333333,58.17773098,60.939735926666664,58.17886549
34696,100,2024-06-25 02:17:13,2024-06-25 14:25:18,62.46,-0.17,61.71,-1.58,0.21,2.09,0.18,1.83,43685.0,49.87842740833333,61.171510925,55.794213704166665,61.8157554625
34700,100,2024-06-25 19:08:02,2024-06-26 01:52:33,55.22,0.04,57.99,-0.29,0.4,2.2,0.36,2.3,24271.0,56.856200460833335,55.368916068888886,57.423100230416665,55.294458034444446
34701,100,2024-06-26 03:32:20,2024-06-26 09:53:39,59.41,-0.18,49.71,-0.12,0.51,2.62,0.54,3.43,22879.0,49.33089497,58.73037930499999,49.520447485000005,59.07018965249999
34702,100,2024-06-26 11:35:30,2024-06-26 17:06:48,57.72,-2.06,59.69,-0.96,0.77,2.29,0.65,1.63,19878.0,56.52595248,51.154561640000004,58.10797624,54.43728082
34703,100,2024-06-26 18:35:38,2024-06-26 18:51:05,54.87,-0.18,58.59,-0.04,0.74,2.71,0.54,2.4,927.0,58.583965230000004,54.844567755,58.586982615000004,54.857283877499995
34708,100,2024-06-27 03:21:18,2024-06-27 06:35:44,53.18,-0.18,64.31,-0.04,0.74,3.12,0.54,2.69,11666.0,64.22663994888889,52.86980106,64.26831997444444,53.02490053
34712,100,2024-06-27 16:30:25,2024-06-27 18:45:42,54.68,-0.18,53.29,-0.04,0.74,2.26,0.54,2.47,8117.0,53.24193834111111,54.458081220000004,53.26596917055555,54.56904061
34713,100,2024-06-27 20:23:55,2024-06-28 02:37:52,57.68,-0.58,59.97,0.02,0.44,2.28,0.4,2.19,22437.0,60.04475260499999,55.594954519999995,60.00737630249999,56.63747726
34714,100,2024-06-28 03:55:10,2024-06-28 10:06:29,54.18,-0.26,55.3,-1.19,0.54,2.44,0.52,2.23,22279.0,51.22746068611111,53.30822273,53.263730343055556,53.744111364999995
34715,100,2024-06-28 11:30:39,2024-06-28 11:31:43,52.0,-0.18,57.0,-0.04,0.74,2.89,0.54,2.28,64.0,56.99959466666667,51.998335999999995,56.99979733333333,51.999168
34716,100,2024-06-28 13:20:55,2024-06-28 19:40:09,55.27,-0.26,53.21,-0.59,0.41,2.14,0.36,1.99,22754.0,51.225731109444446,54.361723525555554,52.21786555472222,54.81586176277778
34717,100,2024-06-28 21:00:14,2024-06-28 21:01:41,55.28,-0.18,56.18,-0.04,0.74,2.86,0.54,2.59,87.0,56.17945692666667,55.27759532,56.17972846333333,55.27879766
34718,100,1970-01-01 00:00:00,1970-01-01 00:00:00,58.57,-0.18,59.09,-0.04,0.74,3.02,0.54,3.08,0.0,59.09,58.57,59.09,58.57
34719,100,2024-06-28 23:46:05,2024-06-28 23:46:42,58.95,-0.18,57.43,-0.04,0.74,3.04,0.54,3.32,37.0,57.429763898888886,58.948909425000004,57.42988194944444,58.9494547125
34720,100,2024-06-29 01:13:02,2024-06-29 01:14:13,59.23,-0.18,57.88,-0.04,0.74,2.57,0.54,3.2,71.0,57.87954339111111,59.227897335,57.87977169555556,59.2289486675
34721,100,2024-06-29 02:35:47,2024-06-29 08:54:55,61.25,-0.63,61.86,-0.56,0.41,2.22,0.42,2.42,22748.0,59.67103578666667,58.81169875,60.76551789333334,60.030849375
34722,100,2024-06-29 10:18:31,2024-06-29 16:33:17,57.72,-0.6,58.81,-0.77,0.41,2.16,0.39,2.2,22486.0,55.98152978277778,55.556846799999995,57.39576489138889,56.63842339999999
34723,100,1970-01-01 00:00:00,1970-01-01 00:00:00,57.65,-0.18,56.64,-0.04,0.74,2.53,0.54,3.24,0.0,56.64,57.65,56.64,57.65
34725,100,2024-06-29 20:05:17,2024-06-30 02:22:06,59.12,-1.0,58.8,0.12,0.42,2.08,0.39,2.19,22609.0,59.2431364,55.40709977777777,59.0215682,57.26354988888889
34726,100,2024-06-30 03:44:25,2024-06-30 09:53:02,54.81,-0.28,57.83,-0.98,0.72,2.15,0.72,2.23,22117.0,54.34820670055556,53.86715229,56.08910335027778,54.338576145000005
34727,100,2024-06-30 11:08:58,2024-06-30 17:24:20,54.32,0.09,56.32,-0.9,0.38,2.04,0.37,1.95,22522.0,53.1489024,54.625848760000004,54.734451199999995,54.47292438
34728,100,2024-06-30 18:40:24,2024-07-01 00:58:09,54.67,-0.53,63.61,-0.56,0.4,2.16,0.36,2.04,22665.0,61.36732343333333,52.845775995833336,62.48866171666667,53.75788799791667
34729,100,2024-07-01 02:42:19,2024-07-01 05:26:38,57.32,-0.18,59.47,-0.04,0.74,2.7,0.54,2.82,9859.0,59.40485391888889,57.03744106,59.437426959444444,57.17872053
34732,100,2024-07-01 12:47:33,2024-07-01 19:01:18,60.48,-0.99,58.39,-0.12,0.42,2.07,0.43,2.43,22425.0,57.95353475,56.750274,58.171767375,58.615137
34733,100,2024-07-01 20:49:33,2024-07-02 03:00:26,58.96,-0.73,57.97,-0.75,0.38,1.99,0.38,2.14,22253.0,55.28248664583333,56.299480771111114,56.626243322916665,57.62974038555556
34734,100,2024-07-02 04:23:21,2024-07-02 12:09:49,59.07,-0.72,58.28,-0.34,0.29,1.94,0.29,2.0,27988.0,56.739478284444445,55.76349768,57.50973914222222,57.41674884
34736,100,2024-07-03 01:30:19,2024-07-03 07:49:46,61.42,-1.39,55.18,-0.04,0.37,1.85,0.39,2.22,22767.0,55.040412993333334,56.020818598333335,55.11020649666666,58.72040929916667
34737,100,2024-07-03 09:03:18,2024-07-03 09:04:44,57.13,-0.18,53.93,-0.04,0.74,2.58,0.54,2.7,86.0,53.92948466888889,57.12754341,53.92974233444444,57.128771705000005
34738,100,2024-07-03 10:20:34,2024-07-03 13:56:08,56.45,-0.18,56.26,-0.04,0.74,2.53,0.54,2.96,12934.0,56.17914812888889,56.08493785,56.219574064444444,56.267468925
34742,100,2024-07-03 17:20:21,2024-07-03 23:50:12,55.43,-0.77,59.05,-0.61,0.37,1.94,0.38,2.21,23391.0,56.70956801249999,52.6567955275,57.87978400624999,54.04339776375
34743,100,2024-07-04 01:11:56,2024-07-04 01:12:38,57.17,-0.18,55.72,-0.04,0.74,9.15,0.54,2.85,42.0,55.71973997333333,57.16879943,55.719869986666666,57.169399715
34747,100,2024-07-04 14:00:35,2024-07-04 20:13:03,59.06,-0.49,52.08,-0.27,1.9,10.35,0.4,2.27,22348.0,51.20708712,57.26350635777778,51.64354356,58.16175317888889
34748,100,2024-07-04 21:51:11,2024-07-04 22:51:09,60.75,-0.18,55.4,-0.04,0.74,4.1,0.54,3.25,3598.0,55.37785231111111,60.640710750000004,55.38892615555555,60.695355375000005
34750,100,2024-07-05 02:18:16,2024-07-05 05:59:12,59.82,-0.18,54.17,-0.04,0.74,2.83,0.54,3.11,13256.0,54.090213608888895,59.42351304,54.13010680444445,59.621756520000005
34751,100,2024-07-05 07:20:20,2024-07-05 14:14:58,59.1,-0.66,60.87,-0.35,0.41,2.52,0.38,2.58,24878.0,59.39774069166666,56.4044687,60.13387034583333,57.75223435
34755,100,2024-07-05 19:42:21,2024-07-05 19:57:39,61.17,-0.18,57.51,-0.04,0.74,2.74,0.54,3.11,918.0,57.50413398,61.14192297,57.50706699,61.155961485000006
34756,100,2024-07-05 21:21:34,2024-07-06 05:24:13,56.75,-0.31,56.82,-0.2,0.35,2.19,0.33,2.17,28959.0,55.9058609,55.33482997916667,56.36293045,56.042414989583335
34757,100,2024-07-06 06:39:50,2024-07-06 13:03:17,55.75,-0.74,56.31,0.21,0.41,2.12,0.38,2.16,23007.0,57.06572243250001,53.11346170833333,56.687861216250006,54.431730854166666
34758,100,2024-07-06 15:01:22,2024-07-06 21:46:53,51.21,-0.7,59.15,-1.3,0.37,2.09,0.35,2.09,24331.0,53.9529659861111,48.787240675,56.55148299305555,49.9986203375
34760,100,2024-07-07 00:30:10,2024-07-07 07:37:04,55.16,-0.76,60.63,-0.4,0.35,2.0,0.33,2.01,25614.0,58.9044702,52.17727816,59.7672351,53.66863908
34761,100,2024-07-07 08:53:15,2024-07-07 08:54:01,52.77,-0.18,56.66,-0.04,0.74,2.63,0.54,2.64,46.0,56.65971040444444,52.76878629,56.65985520222222,52.769393145
34762,100,2024-07-07 10:04:26,2024-07-07 12:59:39,55.91,-0.18,58.03,-0.04,0.74,2.77,0.54,2.84,10513.0,57.96221451222222,55.616109085,57.99610725611111,55.7630545425
34763,100,2024-07-07 14:29:36,2024-07-07 14:30:32,50.33,-0.18,55.29,-0.04,0.74,2.62,0.54,2.78,56.0,55.28965597333333,50.32859076,55.289827986666666,50.32929538
34764,100,2024-07-07 17:31:07,2024-07-08 01:23:14,54.54,-0.11,57.63,-0.5,0.32,2.18,0.31,2.23,28327.0,55.36265970833334,54.067930545,56.496329854166675,54.3039652725
34767,100,2024-07-08 04:45:47,2024-07-08 10:51:30,57.05,-0.69,59.45,-1.17,0.52,2.41,0.49,2.37,21943.0,55.210338112500004,54.650624379166665,57.33016905625,55.850312189583335
34768,100,2024-07-08 19:08:00,2024-07-08 20:03:28,54.29,-0.18,51.38,-0.04,0.74,3.54,0.54,2.65,3328.0,51.36100081777778,54.19966144,51.37050040888889,54.244830719999996
34769,100,2024-07-08 23:03:26,2024-07-09 15:25:26,56.81,-0.63,57.93,-0.68,0.14,2.05,0.13,1.98,58920.0,51.4827772,50.9523209,54.7063886,53.881160449999996
34770,100,2024-07-09 18:01:50,2024-07-10 01:41:08,49.19,-0.04,57.48,-0.06,0.34,2.16,0.31,2.06,27558.0,57.215994359999996,49.03938022,57.34799717999999,49.11469011
34771,100,2024-07-10 03:28:15,2024-07-10 07:02:02,52.21,-0.18,56.55,-0.04,0.74,3.27,0.54,2.72,12827.0,56.46940368333333,51.875151165000005,56.50970184166667,52.04257558250001
34781,100,2024-07-10 21:31:58,2024-07-10 23:47:10,52.28,-0.18,50.48,-0.04,0.74,2.81,0.54,2.67,8112.0,50.434500693333334,52.06795232,50.45725034666667,52.17397616
34782,100,2024-07-11 02:13:42,2024-07-11 08:50:39,56.05,-0.14,55.5,-0.5,0.41,2.24,0.39,2.21,23817.0,53.66410625,55.53085555833333,54.582053125,55.79042777916666
34785,100,2024-07-11 11:38:14,2024-07-11 18:25:36,49.15,0.18,51.85,0.04,0.38,2.12,0.35,2.06,24442.0,51.99081307777778,49.750662150000004,51.92040653888889,49.450331075
34786,100,2024-07-11 23:55:30,2024-07-11 23:56:32,52.2,-0.18,58.41,-0.04,0.74,3.17,0.54,2.8,62.0,58.40959762,52.1983818,58.40979881,52.199190900000005
34787,100,2024-07-12 01:30:50,2024-07-12 07:43:31,50.12,0.39,50.67,0.17,0.4,1.97,0.41,2.07,22361.0,51.20504282750001,51.334127763333335,50.937521413750005,50.727063881666666
34788,100,2024-07-12 09:04:24,2024-07-12 14:14:59,46.15,-0.8,47.26,-0.22,0.42,1.82,0.45,2.07,18635.0,46.721800494444444,44.23887722222222,46.99090024722222,45.19443861111111
34790,100,2024-07-12 22:04:32,2024-07-13 04:31:00,54.72,-0.66,54.37,-0.35,0.37,1.94,0.36,2.01,23188.0,53.144288761111106,52.39377984,53.75714438055555,53.55688992
34794,100,2024-07-13 08:58:22,2024-07-13 15:08:43,51.6,-0.13,52.73,0.02,0.38,1.92,0.39,1.98,22221.0,52.795095185,51.185948700000004,52.7625475925,51.39297435
34796,100,2024-07-13 19:30:34,2024-07-14 01:45:21,49.03,0.19,52.65,-0.44,0.41,2.09,0.44,2.4,22487.0,51.20296155,49.61189484972222,51.926480775,49.32094742486111
34797,100,2024-07-14 03:28:17,2024-07-14 03:29:47,48.76,-0.18,50.14,-0.04,0.74,2.55,0.54,2.49,90.0,50.1394986,48.7578058,50.139749300000005,48.758902899999995
34798,100,2024-07-14 05:06:26,2024-07-14 05:07:02,50.44,-0.18,53.93,-0.04,0.74,2.62,0.54,2.75,36.0,53.92978428,50.43909208,53.92989214,50.439546039999996
34799,100,2024-07-14 06:33:20,2024-07-14 12:50:07,49.02,0.07,54.08,0.28,0.41,2.05,0.39,2.08,22607.0,55.03090065777778,49.23548238833334,54.55545032888889,49.127741194166674
34800,100,2024-07-14 14:21:50,2024-07-14 19:53:30,56.6,-0.25,57.09,-0.64,0.78,2.13,0.71,2.24,19900.0,55.07028266666667,55.817819444444446,56.08014133333334,56.208909722222224
34803,100,2024-07-15 02:09:48,2024-07-15 08:25:11,51.01,-0.23,48.68,-0.08,0.39,1.95,0.39,2.09,22523.0,48.43635119111111,50.27598168638888,48.558175595555554,50.64299084319444
34804,100,2024-07-15 09:37:42,2024-07-15 15:55:04,50.37,-0.09,50.98,-0.38,0.4,2.05,0.38,2.1,22642.0,49.761583664444444,50.084880615,50.370791832222224,50.227440307500004
34805,100,2024-07-15 19:43:37,2024-07-16 01:59:43,51.93,-0.34,49.76,0.24,0.4,2.01,0.35,1.83,22566.0,50.50858944,50.823250529999996,50.13429472,51.376625265
34806,100,2024-07-16 03:30:32,2024-07-16 04:46:16,48.96,0.56,50.45,-1.64,1.69,2.0,1.75,2.13,4544.0,49.40566257777778,49.30607104,49.927831288888896,49.13303552
34807,100,2024-07-16 06:12:38,2024-07-16 06:56:19,53.1,-0.18,46.49,-0.04,0.74,3.03,0.54,3.49,2621.0,46.47646107888889,53.03041245,46.48323053944445,53.065206225
34809,100,2024-07-16 09:51:55,2024-07-16 13:10:09,48.82,-1.15,50.01,-0.87,0.72,2.22,0.67,2.28,11894.0,48.572520895,46.96509766111111,49.291260447499994,47.892548830555555
34810,100,2024-07-16 15:30:58,2024-07-16 20:25:42,49.36,0.29,47.3,0.63,0.74,2.05,0.71,2.23,17684.0,48.7637931,50.06315513777778,48.03189655,49.711577568888885
34815,100,2024-07-17 01:40:15,2024-07-17 11:45:57,55.82,0.02,53.93,-0.69,0.26,1.97,0.25,1.97,36342.0,50.173478885,55.93270058,52.0517394425,55.876350290000005
34818,100,2024-07-18 05:11:43,2024-07-18 13:34:18,50.12,-0.6,51.38,0.03,0.29,1.97,0.28,2.03,30155.0,51.509113658333334,47.601052333333335,51.44455682916667,48.860526166666666
34826,100,2024-07-19 00:21:09,2024-07-19 01:35:13,53.6,-0.18,55.26,-0.04,0.74,3.06,0.54,2.57,4444.0,55.232713839999995,53.48090080000001,55.24635692,53.540450400000005
34829,100,2024-07-19 04:29:20,2024-07-19 11:31:39,57.28,0.37,55.16,0.06,0.35,1.92,0.37,2.19,25339.0,55.39294987333332,58.77173508444445,55.27647493666666,58.02586754222223
34830,100,2024-07-19 13:56:56,2024-07-19 18:40:45,53.7,0.03,57.11,-0.3,0.54,2.67,0.45,2.05,17029.0,56.29956150833333,53.776204775000004,56.70478075416666,53.73810238750001
34837,100,2024-07-20 05:59:18,2024-07-20 12:14:07,57.53,-0.31,58.69,0.13,0.41,2.0,0.5,2.51,22489.0,59.16662312027777,56.415901186944446,58.92831156013888,56.97295059347222
34838,100,2024-07-20 14:33:13,2024-07-20 21:17:39,52.05,0.21,59.76,-0.34,0.38,2.05,0.37,2.03,24266.0,58.39042696,52.78677642499999,59.07521348,52.41838821249999
34840,100,2024-07-20 23:29:15,2024-07-20 23:30:07,53.67,-0.18,55.52,-0.04,0.74,2.79,0.54,2.87,52.0,55.51967921777778,53.66860458,55.51983960888889,53.669302290000005
34841,100,2024-07-21 00:43:03,2024-07-21 09:32:38,58.3,-0.86,56.96,0.18,0.3,2.16,0.29,2.15,31775.0,57.864952,53.87462513888889,57.412476,56.08731256944444
34842,100,2024-07-21 10:51:35,2024-07-21 17:56:28,52.32,-0.14,54.36,0.57,0.38,2.16,0.35,2.12,25493.0,56.554182510000004,51.801302426666666,55.457091255,52.06065121333333
34844,100,2024-07-21 21:41:24,2024-07-22 04:22:25,54.74,-0.3,53.2,0.17,0.4,2.27,0.37,2.09,24061.0,53.80446578888889,53.64241738333333,53.50223289444445,54.19120869166667
34845,100,2024-07-22 05:34:15,2024-07-22 13:40:36,55.2,0.27,53.86,-0.33,0.32,2.12,0.31,2.07,29181.0,52.419285395,56.408093400000006,53.1396426975,55.8040467
34846,100,2024-07-22 15:18:43,2024-07-22 23:08:37,52.09,0.13,55.47,0.28,0.33,2.07,0.31,2.02,28194.0,56.686383140000004,52.620336971666674,56.07819157,52.35516848583334
34849,100,2024-07-23 02:02:48,2024-07-23 10:26:06,49.06,-0.01,51.55,1.42,0.64,2.09,0.59,2.21,30198.0,57.69034388333333,49.01884683666667,54.62017194166666,49.039423418333335
34852,100,2024-07-23 18:51:56,2024-07-24 02:29:14,53.99,0.19,49.93,0.62,0.31,1.82,0.31,2.0,27438.0,52.28940886333333,54.771838188333334,51.109704431666664,54.38091909416667
34853,100,2024-07-24 03:50:43,2024-07-24 19:38:11,52.7,-0.02,50.46,0.17,0.14,1.64,0.15,1.79,56848.0,51.81459309333333,52.533561688888895,51.13729654666666,52.61678084444445
34859,100,2024-07-25 04:11:32,2024-07-25 11:14:05,56.01,-0.41,54.49,-0.12,0.33,1.89,0.37,2.17,25353.0,54.02950501,54.3927532575,54.259752505,55.20137662875
34860,100,2024-07-25 12:45:05,2024-07-25 12:47:55,54.84,-0.18,53.35,-0.04,0.74,2.41,0.54,2.62,170.0,53.348992277777775,54.8353386,53.34949613888889,54.8376693
34862,100,2024-07-25 15:19:52,2024-07-25 22:21:47,50.99,0.4,52.13,0.89,0.34,1.87,0.33,1.87,25315.0,55.39251984861111,52.42423538888889,53.761259924305556,51.70711769444445
34863,100,2024-07-25 23:42:32,2024-07-26 06:40:34,49.1,0.39,50.16,0.74,0.35,1.91,0.35,1.96,25082.0,52.74612141333333,50.43415338333333,51.45306070666666,49.76707669166667
34866,100,1970-01-01 00:00:00,1970-01-01 00:00:00,52.12,-0.18,50.69,-0.04,0.74,2.46,0.54,2.74,0.0,50.69,52.12,50.69,52.12
34868,100,2024-07-26 11:04:48,2024-07-26 18:08:01,49.99,0.59,51.53,0.69,0.34,1.88,0.33,1.89,25393.0,54.037960805833336,52.07039911472223,52.78398040291667,51.030199557361115
34870,100,2024-07-26 20:32:08,2024-07-27 01:25:39,48.76,0.17,55.81,0.31,0.69,2.08,0.62,1.97,17611.0,56.656360200277774,49.16550305888889,56.23318010013889,48.962751529444446
34872,100,2024-07-27 04:46:49,2024-07-27 11:12:02,50.7,0.53,47.56,0.62,0.37,1.83,0.36,1.82,23113.0,49.453160148888884,52.42519284166667,48.50658007444444,51.56259642083334
34873,100,2024-07-27 12:35:34,2024-07-27 19:33:12,51.01,0.44,55.16,-0.35,0.34,1.92,0.33,1.87,25058.0,53.81619514444444,52.572254931111104,54.488097572222216,51.79112746555555
34874,100,2024-07-27 21:22:11,2024-07-28 05:57:40,48.67,0.33,49.93,1.3,0.36,1.75,0.35,1.88,30929.0,55.50658461388888,50.04987156083334,52.71829230694444,49.35993578041667
34875,100,2024-07-28 07:17:44,2024-07-28 07:21:04,52.28,-0.18,51.05,-0.04,0.74,2.36,0.54,2.76,200.0,51.04886555555555,52.274772,51.049432777777774,52.277386
34877,100,2024-07-28 08:59:09,2024-07-28 14:12:11,51.2,0.68,51.23,0.75,0.45,1.89,0.41,1.78,18782.0,53.23458720833333,53.016428088888894,52.232293604166664,52.10821404444445
34878,100,2024-07-28 16:09:38,2024-07-28 22:28:20,50.87,0.56,52.09,1.04,0.4,1.91,0.38,1.92,22722.0,55.50925705333333,52.66801710666667,53.799628526666666,51.769008553333336
34880,100,2024-07-29 04:41:19,2024-07-29 11:14:15,51.56,-0.0,50.98,0.18,0.37,1.91,0.36,1.93,23576.0,51.580952239999995,51.56,51.280476119999996,51.56
34881,100,2024-07-29 12:37:57,2024-07-29 14:40:36,50.16,-0.18,50.12,-0.04,0.74,2.5,0.54,2.62,7359.0,50.07901854666666,49.97543628,50.099509273333325,50.06771814
34884,100,2024-07-30 06:38:09,2024-07-30 13:53:49,54.12,-0.02,51.49,0.05,0.33,1.9,0.34,2.1,26140.0,51.67693730555556,54.041405733333335,51.58346865277778,54.08070286666667
34887,100,2024-07-31 01:56:37,2024-07-31 07:13:46,51.65,-0.34,52.08,0.3,0.43,1.83,0.48,2.13,19029.0,52.9058586,50.72175480833334,52.4929293,51.18587740416667
34888,100,2024-07-31 08:32:49,2024-07-31 11:39:03,48.66,1.62,53.35,0.81,1.0,2.65,0.69,1.92,11174.0,54.691299025,51.10677078,54.0206495125,49.88338539
34896,100,2024-08-02 05:40:58,2024-08-02 13:50:29,49.22,0.51,55.81,0.39,0.31,2.15,0.28,1.82,29371.0,57.58579513583334,51.26799087833333,56.69789756791667,50.24399543916667
34898,100,2024-08-02 23:24:55,2024-08-02 23:26:23,54.61,-0.18,53.91,-0.04,0.74,4.52,0.54,2.34,88.0,53.909472879999996,54.60759716,53.909736439999996,54.60879858
34899,100,2024-08-03 00:41:31,2024-08-03 07:55:11,49.65,0.25,50.15,2.15,0.65,2.82,0.85,2.2,26020.0,57.94317069444444,50.54714791666667,54.04658534722222,50.09857395833333
34902,100,2024-08-03 15:03:26,2024-08-03 19:49:40,52.44,0.31,54.9,0.19,0.98,3.06,0.64,2.17,17174.0,55.397616649999996,53.21552059333333,55.148808325,52.82776029666667
34905,100,1970-01-01 00:00:00,1970-01-01 00:00:00,47.72,-0.18,45.18,-0.04,0.74,2.13,0.54,2.25,0.0,45.18,47.72,45.18,47.72
34906,100,2024-08-04 08:15:38,2024-08-04 17:59:24,44.22,-0.2,50.39,0.35,0.34,2.56,0.23,1.67,35026.0,52.105933469444444,43.35952793333333,51.247966734722226,43.78976396666667
34907,100,2024-08-04 19:27:16,2024-08-05 00:35:20,55.04,-0.52,63.25,-0.86,0.8,3.07,0.48,2.01,18484.0,60.45711894444444,53.570480924444446,61.853559472222216,54.30524046222222
34908,100,2024-08-05 01:57:11,2024-08-05 08:11:48,50.98,-0.25,54.42,0.06,0.36,1.88,0.39,1.96,22477.0,54.62386639,50.18425176388889,54.521933195,50.58212588194444
34909,100,2024-08-05 09:28:58,2024-08-05 15:53:51,51.21,0.1,54.3,0.1,0.34,1.9,0.39,1.97,23093.0,54.64831941666666,51.538497925,54.47415970833333,51.374248962500005
34910,100,2024-08-05 18:31:22,2024-08-06 00:50:54,51.24,0.47,53.5,0.33,0.37,2.08,0.37,1.9,22772.0,54.61677683333334,52.76337089333333,54.05838841666667,52.00168544666667
34911,100,2024-08-06 02:23:03,2024-08-06 02:52:29,52.76,-0.18,54.73,-0.04,0.74,2.37,0.54,1.73,1766.0,54.719260757777775,52.71341292,54.72463037888889,52.73670646
34912,100,2024-08-06 05:17:51,2024-08-06 10:25:04,55.45,1.44,57.0,0.94,0.69,2.32,0.7,1.99,18433.0,59.74344483333333,59.5384394,58.371722416666664,57.4942197
34913,100,2024-08-06 11:49:32,2024-08-06 15:39:47,51.83,-0.18,57.35,-0.04,0.74,2.72,0.54,2.61,13815.0,57.261967750000004,51.471984275000004,57.305983875,51.6509921375
34915,100,1970-01-01 00:00:00,1970-01-01 00:00:00,54.42,-0.18,54.2,-0.04,0.74,3.01,0.54,2.86,0.0,54.2,54.42,54.2,54.42
34917,100,2024-08-07 00:17:37,2024-08-07 06:41:14,58.19,-0.18,59.41,0.75,0.56,2.54,0.58,2.32,23017.0,62.25883327083333,57.520320385,60.83441663541666,57.855160192499994
34925,100,2024-08-08 01:09:14,2024-08-08 13:27:27,50.69,0.05,30.91,0.23,0.37,5.27,0.19,1.73,44293.0,31.78470062472222,51.001835023611115,31.347350312361108,50.84591751180555
34929,100,2024-08-09 00:39:07,2024-08-09 03:53:40,48.27,0.39,19.18,-0.23,0.89,2.21,0.73,2.19,11673.0,19.036960354999998,48.8804103525,19.1084801775,48.57520517625
34931,100,2024-08-09 06:16:11,2024-08-09 09:14:53,52.75,-0.18,55.21,-0.04,0.74,3.69,0.54,2.57,10722.0,55.14422648666667,52.46720725,55.17711324333334,52.608603625
34933,100,2024-08-09 12:54:23,2024-08-09 20:43:18,52.9,0.13,56.23,-0.13,0.33,2.39,0.3,1.87,28135.0,55.65871100972222,53.437456652777776,55.94435550486111,53.16872832638889
34934,100,2024-08-09 23:13:20,2024-08-10 06:15:30,51.18,-0.01,55.26,0.35,0.37,2.29,0.35,1.95,25330.0,56.62085425,51.14398918333334,55.940427125,51.16199459166667
34939,100,2024-08-10 13:49:43,2024-08-10 13:51:13,47.11,-0.18,48.74,-0.04,0.74,3.24,0.54,2.48,90.0,48.739512600000005,47.10788005,48.7397563,47.108940024999995
34947,100,2024-08-11 18:35:05,2024-08-12 01:03:39,44.97,0.65,53.06,0.17,0.38,2.23,0.37,1.87,23314.0,53.64415817444445,46.86299965833334,53.35207908722222,45.91649982916667
34948,100,2024-08-12 02:27:38,2024-08-12 09:28:37,48.75,0.2,51.5,0.1,0.3,2.02,0.35,2.03,25259.0,51.861344027777776,49.434097916666666,51.68067201388889,49.092048958333336
34949,100,2024-08-12 10:49:08,2024-08-12 19:02:05,53.57,-0.38,53.36,0.03,0.31,2.27,0.31,2.03,29577.0,53.491519059999995,51.89753567166667,53.42575952999999,52.73376783583333
34950,100,2024-08-12 21:53:48,2024-08-13 04:16:47,48.66,0.45,45.2,0.64,0.39,2.23,0.41,2.15,22979.0,47.046490311111114,50.05769767499999,46.12324515555556,49.35884883749999
34951,100,2024-08-13 05:32:52,2024-08-13 09:36:17,49.64,0.1,53.34,0.21,0.56,2.33,0.64,2.15,14605.0,53.794434575000004,49.841386722222225,53.5672172875,49.74069336111111
34953,100,2024-08-13 12:25:41,2024-08-13 19:33:46,50.15,-0.15,51.0,0.36,0.34,2.11,0.35,2.06,25685.0,52.309934999999996,49.61329052083333,51.6549675,49.88164526041666
34954,100,1970-01-01 00:00:00,1970-01-01 00:00:00,49.5,-0.18,47.53,-0.04,0.74,3.22,0.54,2.52,0.0,47.53,49.5,47.53,49.5
34955,100,2024-08-13 22:48:53,2024-08-14 05:29:39,50.42,0.29,53.63,0.39,0.38,2.15,0.34,1.88,24046.0,55.02705256166667,51.39665500777778,54.32852628083334,50.90832750388889
34956,100,2024-08-14 06:44:20,2024-08-14 12:02:13,49.16,0.23,47.89,0.57,0.46,2.14,0.44,1.96,19073.0,49.33622611916667,49.75904054555556,48.613113059583334,49.45952027277778
34958,100,2024-08-15 01:48:15,2024-08-15 07:25:34,53.15,-0.28,53.2,0.25,0.45,2.04,0.42,1.99,20239.0,53.947718611111114,52.313342227777774,53.57385930555556,52.731671113888886
34959,100,1970-01-01 00:00:00,1970-01-01 00:00:00,53.92,-0.18,52.73,-0.04,0.74,3.26,0.54,2.48,0.0,52.73,53.92,52.73,53.92
34961,100,1970-01-01 00:00:00,1970-01-01 00:00:00,55.2,-0.18,52.19,-0.04,0.74,2.86,0.54,2.79,0.0,52.19,55.2,52.19,55.2
34969,100,2024-08-15 19:53:24,2024-08-16 02:18:58,50.29,0.19,55.84,-0.29,0.39,2.23,0.37,1.94,23134.0,54.799381271111116,50.90402134277778,55.31969063555556,50.59701067138889
34970,100,2024-08-16 04:10:56,2024-08-16 10:33:02,47.55,0.69,46.29,0.76,0.38,2.14,0.35,1.78,22926.0,48.53040513999999,49.639418325,47.410202569999996,48.594709162499996
34971,100,2024-08-16 13:05:15,2024-08-16 19:29:40,50.45,-0.11,47.84,0.53,0.36,1.97,0.37,1.86,23065.0,49.46449357777778,50.09444661805556,48.65224678888889,50.27222330902778
34972,100,2024-08-16 22:27:17,2024-08-17 04:48:43,49.44,-0.87,50.41,-0.64,0.39,2.18,0.39,2.06,22886.0,48.35900753777778,46.70558072,49.38450376888889,48.07279036
34973,100,2024-08-17 06:02:05,2024-08-17 12:24:04,52.78,-0.39,47.32,0.64,0.38,2.02,0.37,1.88,22919.0,49.24804814222222,51.46952977833334,48.284024071111105,52.12476488916667
34974,100,2024-08-17 13:40:54,2024-08-17 17:35:28,53.31,-0.5,50.72,1.16,0.8,2.34,0.76,2.2,14074.0,53.020129457777784,52.267937583333335,51.87006472888889,52.78896879166667
34981,100,2024-08-18 01:14:14,2024-08-18 02:37:22,49.22,1.41,45.47,2.16,1.42,2.1,1.35,1.85,4988.0,46.830826159999994,50.18157832666667,46.15041307999999,49.70078916333333
34983,100,2024-08-18 04:34:42,2024-08-18 09:47:11,47.57,0.47,50.0,-0.12,0.48,2.11,0.44,1.88,18749.0,49.68751666666667,48.73441185305556,49.843758333333334,48.152205926527785
34984,100,2024-08-18 11:01:10,2024-08-18 15:45:23,53.55,-2.17,50.19,0.56,0.77,2.46,0.69,2.0,17053.0,51.521384553333334,48.045504762499995,50.855692276666666,50.79775238124999
34987,100,2024-08-18 20:09:49,2024-08-19 02:31:36,51.7,-0.33,47.56,0.64,0.33,1.75,0.37,1.84,22907.0,49.496812302222224,50.61439909166667,48.52840615111111,51.157199545833336
34993,100,2024-08-20 02:33:42,2024-08-20 08:33:47,50.11,-0.11,55.76,-0.63,0.76,2.24,0.8,2.2,21605.0,53.6517841,49.77919744305555,54.70589205,49.944598721527775
34995,100,2024-08-20 10:18:46,2024-08-20 19:41:04,51.43,-0.2,50.06,0.08,0.24,1.87,0.25,1.77,33738.0,50.435316506666666,50.466030366666665,50.247658253333334,50.94801518333333
34996,100,2024-08-20 21:00:31,2024-08-21 03:19:03,45.47,0.23,55.01,-0.83,0.45,2.73,0.4,2.12,22712.0,52.12946858444444,46.12978990888889,53.56973429222222,45.79989495444444
34997,100,2024-08-21 04:49:45,2024-08-21 06:57:52,46.68,-0.18,52.71,-0.04,0.74,3.2,0.54,2.28,7687.0,52.66497980333333,46.50058542,52.687489901666666,46.59029271
34999,100,2024-08-21 09:52:51,2024-08-21 11:48:05,47.7,0.85,49.7,1.61,1.36,2.57,1.19,2.01,6914.0,51.236770938888895,48.47868925,50.46838546944445,48.089344625
35002,100,2024-08-21 20:40:36,2024-08-21 21:27:43,52.11,-0.7,55.93,-1.1,2.4,1.66,2.18,1.4,2827.0,55.44687355277778,51.823554224999995,55.68843677638889,51.9667771125
35003,100,2024-08-21 22:37:33,2024-08-21 23:20:10,51.83,-0.18,51.04,-0.04,0.74,1.22,0.54,1.07,2557.0,51.02549896888888,51.763735345,51.03274948444444,51.7968676725
35005,100,2024-08-22 01:24:15,2024-08-22 09:40:59,50.26,-0.28,49.87,0.03,0.3,2.14,0.27,1.74,29804.0,49.99386045666667,49.09492852444444,49.93193022833333,49.677464262222216
35006,100,2024-08-22 11:24:50,2024-08-22 19:39:54,53.12,-0.02,48.17,0.3,0.28,1.89,0.28,1.84,29704.0,49.36236806666667,53.032340195555555,48.76618403333333,53.076170097777776
35007,100,2024-08-22 20:56:36,2024-08-23 05:14:34,51.57,-0.43,53.55,-0.11,0.28,1.74,0.28,1.79,29878.0,53.061121224999994,49.729589895000004,53.305560612499995,50.6497949475
35008,100,2024-08-23 06:35:05,2024-08-23 10:33:55,51.81,0.15,48.1,1.78,0.75,2.31,0.72,2.06,14330.0,51.50807205555555,52.119348875,49.80403602777778,51.9646744375
35009,100,2024-08-23 11:57:42,2024-08-23 20:16:01,52.96,0.23,52.6,0.23,0.28,1.92,0.28,1.77,29899.0,53.60477250555555,53.97164927555555,53.10238625277778,53.46582463777777
35010,100,2024-08-23 22:44:53,2024-08-24 08:30:19,50.86,-0.34,48.68,0.23,0.24,1.64,0.24,1.74,35126.0,49.772457628888894,49.17274210444444,49.22622881444445,50.01637105222222
35011,100,2024-08-24 09:44:21,2024-08-24 18:37:53,53.3,-0.38,54.11,-0.08,0.24,1.81,0.25,1.75,32012.0,53.725073484444444,51.49896931111111,53.917536742222225,52.399484655555554
35012,100,1970-01-01 00:00:00,1970-01-01 00:00:00,49.91,-0.18,50.22,-0.04,0.74,3.12,0.54,2.43,0.0,50.22,49.91,50.22,49.91
35015,100,2024-08-24 22:26:17,2024-08-25 06:40:40,53.46,-1.01,50.5,0.32,0.29,2.02,0.28,1.88,29663.0,51.831539111111105,49.010994945,51.165769555555556,51.2354974725
35016,100,2024-08-25 07:59:48,2024-08-25 16:19:59,47.53,-0.24,55.12,0.33,0.29,2.04,0.28,1.77,30011.0,56.63635579333333,46.57905144666667,55.878177896666664,47.054525723333334
35017,100,2024-08-25 17:50:49,2024-08-26 02:49:15,40.89,0.09,40.09,0.22,0.26,1.89,0.25,1.68,32306.0,40.881479052222225,41.220248085,40.48573952611112,41.0551240425
35018,100,2024-08-26 04:07:04,2024-08-26 05:54:09,49.88,-0.18,44.85,-0.04,0.74,2.95,0.54,2.63,6425.0,44.817982083333334,49.71976050000001,44.833991041666664,49.79988025
35019,100,2024-08-26 07:32:58,2024-08-26 10:17:11,50.3,-0.18,55.51,-0.04,0.74,3.6,0.54,2.85,9853.0,55.449228885555556,50.05219705,55.47961444277777,50.176098525
35024,100,2024-08-27 09:19:10,2024-08-27 17:05:09,53.93,-0.97,64.84,-2.54,1.39,7.15,0.41,2.18,27959.0,52.04925454888889,49.86723887805556,58.44462727444444,51.89861943902778
35026,100,2024-08-27 19:22:38,2024-08-27 21:36:27,54.72,-0.18,57.77,-0.04,0.74,3.27,0.54,2.51,8029.0,57.71846274111112,54.50032656,57.74423137055556,54.610163279999995
35027,100,2024-08-27 23:09:20,2024-08-27 23:10:21,52.49,-0.18,54.22,-0.04,0.74,3.16,0.54,2.47,61.0,54.219632508888886,52.488399055,54.21981625444444,52.489199527500006
35029,100,2024-08-28 01:59:47,2024-08-28 04:20:40,54.06,-0.5,53.99,2.0,0.93,2.18,0.95,2.28,8453.0,56.525430388888886,53.42532058333334,55.257715194444444,53.74266029166667
35030,100,2024-08-28 06:40:08,2024-08-28 11:58:45,49.89,0.49,56.02,0.34,0.43,2.04,0.42,1.78,19117.0,57.03143798777778,51.18815581583333,56.52571899388889,50.53907790791666
35031,100,2024-08-28 23:40:57,2024-08-29 08:01:06,53.31,-0.17,57.15,-0.49,0.3,2.11,0.26,1.68,30009.0,54.8156749125,52.5545484325,55.982837456249996,52.93227421625
35032,100,2024-08-29 09:17:31,2024-08-29 15:23:58,52.21,-0.63,51.26,0.49,0.42,2.09,0.39,1.89,21987.0,52.794045204999996,50.2011027775,52.0270226025,51.205551388749996
35035,100,2024-08-29 19:31:25,2024-08-29 19:34:03,47.42,-0.18,54.17,-0.04,0.74,2.89,0.54,2.53,158.0,54.16904901555556,47.41625382,54.16952450777778,47.41812691
35036,100,2024-08-29 20:52:55,2024-08-30 05:10:50,52.77,-0.26,52.41,0.02,0.28,1.93,0.26,1.72,29875.0,52.496986041666666,51.63141395833333,52.453493020833335,52.20070697916667
35037,100,2024-08-30 06:53:20,2024-08-30 07:01:09,52.08,-0.18,54.1,-0.04,0.74,3.51,0.54,2.32,469.0,54.09718078888889,52.067787239999994,54.09859039444444,52.07389361999999
35038,100,2024-08-30 08:48:32,2024-08-30 08:51:33,54.26,-0.18,55.33,-0.04,0.74,3.25,0.54,2.44,181.0,55.32888725222222,54.25508947,55.329443626111114,54.257544734999996
35039,100,2024-08-30 10:02:48,2024-08-30 18:22:44,54.96,-0.45,50.84,0.14,0.3,2.04,0.27,1.79,29996.0,51.43305424888889,52.8992748,51.13652712444444,53.929637400000004
35040,100,2024-08-30 21:18:41,2024-08-31 05:36:48,49.48,0.11,55.64,-0.11,0.31,2.09,0.26,1.62,29887.0,55.13188779222222,49.931858232222226,55.385943896111115,49.70592911611111
35041,100,2024-08-31 08:18:32,2024-08-31 16:37:32,49.3,-0.4,49.68,0.18,0.29,1.93,0.26,1.7,29940.0,50.423709599999995,47.659953333333334,50.0518548,48.479976666666666
35042,100,2024-08-31 17:58:21,2024-09-01 02:16:30,49.81,-0.09,47.22,0.41,0.28,1.91,0.26,1.64,29889.0,48.827380604999995,49.4378072275,48.0236903025,49.62390361375
35043,100,2024-09-01 04:02:29,2024-09-01 12:21:00,47.92,0.21,50.55,0.02,0.28,1.91,0.27,1.68,29911.0,50.63400005833333,48.75611215333333,50.59200002916666,48.33805607666667
35044,100,2024-09-01 13:43:51,2024-09-01 22:00:43,51.27,-0.42,50.37,-0.03,0.28,1.86,0.27,1.73,29812.0,50.244864129999996,49.486795220000005,50.307432065,50.37839761000001
35046,100,2024-09-02 00:39:39,2024-09-02 08:55:49,51.31,0.17,51.75,0.73,0.29,1.9,0.27,1.68,29770.0,54.873989374999994,52.03131883055556,53.3119946875,51.67065941527778
35047,100,2024-09-02 10:30:30,2024-09-02 18:55:03,54.08,0.22,53.11,0.32,0.26,1.78,0.3,2.0,30273.0,54.53915469333333,55.08048901333333,53.824577346666665,54.58024450666666
35048,100,2024-09-02 21:06:29,2024-09-02 21:07:08,46.81,-0.18,26.4,-0.04,0.74,2.3,0.54,2.33,39.0,26.399885599999998,46.809087205000004,26.399942799999998,46.8095436025
35050,100,2024-09-03 01:07:13,2024-09-03 02:07:56,50.41,-0.18,43.18,-0.04,0.74,2.15,0.54,2.4,3643.0,43.162521695555554,50.318178184999994,43.17126084777777,50.364089092499995
35052,100,2024-09-03 05:19:58,2024-09-03 13:42:31,50.07,-0.24,49.61,-0.04,0.74,,0.24,1.63,30153.0,49.44378996333333,49.063492860000004,49.526894981666665,49.56674643
35053,100,2024-09-03 15:47:44,2024-09-03 16:48:42,46.6,-0.18,51.7,-0.04,0.74,2.93,0.54,2.49,3658.0,51.67898682222222,46.514768600000004,51.689493411111116,46.5573843
35055,100,2024-09-03 20:44:20,2024-09-04 05:00:46,47.17,0.19,58.04,0.2,0.44,2.79,0.26,1.66,29786.0,59.000433022222225,47.91153074388889,58.520216511111116,47.540765371944445
35056,100,2024-09-04 06:21:37,2024-09-04 12:44:45,50.16,0.35,49.33,-0.06,0.59,2.74,0.38,1.92,22988.0,49.14100032666666,51.281048133333336,49.23550016333333,50.72052406666667
35062,100,2024-09-05 01:39:37,2024-09-05 09:57:36,50.61,-0.16,48.32,1.11,0.46,2.71,0.26,1.71,29879.0,52.77157261333333,49.93792169333333,50.54578630666667,50.27396084666667
35063,100,2024-09-05 11:15:15,2024-09-05 19:35:04,48.87,0.12,50.88,0.71,0.46,2.76,0.26,1.61,29989.0,53.88929618666666,49.358520809999995,52.38464809333333,49.114260404999996
35064,100,2024-09-05 20:54:19,2024-09-06 05:53:00,46.56,0.19,48.43,0.76,0.42,2.66,0.25,1.61,32321.0,51.73453495222222,47.35423470666667,50.08226747611111,46.95711735333333
35065,100,2024-09-06 07:07:10,2024-09-06 18:37:22,44.58,-0.05,48.25,0.37,0.29,2.46,0.17,1.5,41412.0,50.30363258333333,44.3235907,49.27681629166666,44.45179535
35066,100,2024-09-06 19:48:17,2024-09-07 04:09:45,46.7,-0.09,48.57,0.35,0.45,2.79,0.26,1.68,30088.0,49.990780433333335,46.3487226,49.28039021666667,46.5243613
35067,100,1970-01-01 00:00:00,1970-01-01 00:00:00,46.94,-0.18,45.84,-0.04,0.74,3.32,0.54,2.26,0.0,45.84,46.94,45.84,46.94
35068,100,2024-09-07 06:47:59,2024-09-07 11:20:02,44.31,-0.07,50.82,2.72,1.22,3.06,0.7,1.95,16323.0,57.08759672,44.169363752500004,53.95379836,44.23968187625
35071,100,2024-09-07 13:52:26,2024-09-07 22:06:19,50.5,-0.5,49.28,0.64,0.44,2.73,0.27,1.78,29633.0,51.87611420444445,48.42157430555556,50.578057102222225,49.46078715277778
35072,100,2024-09-08 03:10:29,2024-09-08 11:29:14,49.01,0.0,48.48,0.47,0.44,2.62,0.26,1.67,29925.0,50.374052999999996,49.01,49.4270265,49.01
35073,100,2024-09-08 12:56:01,2024-09-08 15:18:12,45.73,-0.18,55.1,-0.04,0.74,3.15,0.54,2.28,8531.0,55.047771322222225,45.53493868499999,55.07388566111111,45.632469342499995
35078,100,2024-09-08 21:09:08,2024-09-09 05:23:47,48.1,-0.23,57.93,-0.06,0.47,2.99,0.27,1.78,29679.0,57.643449255,47.18794784166667,57.7867246275,47.64397392083333
35080,100,2024-09-09 18:32:04,2024-09-10 02:48:33,47.47,-0.52,48.9,0.18,0.45,2.66,0.26,1.65,29789.0,49.62834105,45.42743446777778,49.264170525,46.448717233888885
35081,100,2024-09-10 04:17:20,2024-09-10 07:05:36,46.35,-0.18,53.39,-0.04,0.74,3.7,0.54,2.37,10096.0,53.33010828444444,46.116025199999996,53.360054142222225,46.233012599999995
35083,100,2024-09-10 09:48:17,2024-09-10 18:09:34,47.65,-0.29,49.93,-0.15,0.45,2.83,0.26,1.67,30077.0,49.30427307916667,46.495502709722224,49.617136539583335,47.07275135486111
35084,100,2024-09-10 19:25:39,2024-09-10 23:36:33,47.98,0.01,50.92,2.27,1.15,3.02,0.69,1.97,15054.0,55.75352159333333,48.00006363666667,53.33676079666667,47.990031818333335
35085,100,2024-09-11 01:28:45,2024-09-11 05:19:31,49.07,0.22,44.3,2.91,1.18,3.0,0.69,1.91,13846.0,49.25813721666667,49.48520307888889,46.77906860833333,49.27760153944445
35086,100,2024-09-11 06:35:21,2024-09-11 11:56:48,46.57,-0.43,42.28,0.67,0.73,2.94,0.42,1.82,19287.0,43.79765117,45.4971552675,43.038825585,46.03357763375
35090,100,2024-09-12 13:43:12,2024-09-12 22:00:30,45.28,-0.53,47.37,0.7,0.46,2.73,0.25,1.57,29838.0,50.11832844999999,43.29093261333333,48.74416422499999,44.28546630666666
35091,100,2024-09-12 23:32:33,2024-09-13 07:54:30,46.35,0.27,42.78,1.15,0.44,2.52,0.26,1.63,30117.0,46.895739025,47.3969422125,44.8378695125,46.87347110625
35092,100,2024-09-13 09:24:37,2024-09-13 13:25:14,47.63,0.19,47.94,1.86,0.92,2.95,0.52,1.81,14437.0,51.51590053,47.992918108055555,49.727950265000004,47.81145905402778
35094,100,2024-09-14 01:14:07,2024-09-14 01:33:31,48.59,-0.18,44.88,-0.04,0.74,3.46,0.54,2.47,1164.0,44.87419552,48.56172062,44.87709776,48.57586031
35095,100,2024-09-14 05:21:52,2024-09-14 13:35:06,46.07,-0.04,47.46,0.09,0.47,2.91,0.26,1.63,29594.0,47.811132810000004,45.918511602222225,47.635566405000006,45.99425580111111
35096,100,2024-09-14 17:26:08,2024-09-15 01:41:13,49.39,0.08,48.88,0.3,0.43,2.8,0.25,1.69,29705.0,50.08998366666667,49.716028877777774,49.48499183333334,49.55301443888889
35097,100,2024-09-15 03:11:50,2024-09-15 14:42:06,49.01,-0.23,51.72,-0.21,0.31,2.65,0.18,1.57,41416.0,50.47047928,47.71318450888889,51.09523964,48.361592254444446
35098,100,2024-09-15 19:03:46,2024-09-16 03:18:00,46.49,-0.15,53.45,-0.64,0.45,2.83,0.27,1.71,29654.0,50.63221102222222,45.91557730833333,52.04110551111111,46.20278865416667
35099,100,2024-09-16 05:17:44,2024-09-16 13:31:29,49.89,-0.26,44.78,0.68,0.47,2.77,0.27,1.73,29625.0,47.28581416666667,48.822561875000005,46.032907083333335,49.3562809375
35100,100,2024-09-16 15:39:07,2024-09-16 16:01:58,47.26,-0.18,49.1,-0.04,0.74,2.75,0.54,1.76,1371.0,49.092520433333334,47.227603269999996,49.096260216666664,47.243801635
35101,100,2024-09-16 19:06:01,2024-09-17 03:22:10,49.41,-0.06,48.05,0.42,0.44,2.73,0.26,1.71,29769.0,49.718800525,49.164852285,48.884400262499994,49.287426142499996
35102,100,2024-09-17 04:46:34,2024-09-17 14:41:06,47.14,-0.12,48.88,0.18,0.39,2.71,0.22,1.63,35672.0,49.75182368,46.57947397333333,49.31591184,46.85973698666666
35104,100,2024-09-17 21:12:20,2024-09-18 05:29:22,48.85,0.06,46.74,1.4,0.44,2.62,0.26,1.67,29822.0,52.16064553333333,49.09280078333333,49.450322766666666,48.97140039166666
35105,100,2024-09-18 06:55:02,2024-09-18 11:31:22,46.99,0.24,51.23,0.45,0.85,2.98,0.52,1.92,16580.0,52.29174175,47.50939613333334,51.760870874999995,47.24969806666667
35115,100,2024-09-19 06:24:20,2024-09-19 06:25:05,47.68,-0.18,45.11,-0.04,0.74,3.43,0.54,2.52,45.0,45.109774449999996,47.6789272,45.109887224999994,47.6794636
35116,100,2024-09-19 07:56:10,2024-09-19 16:11:36,48.41,-0.15,48.21,0.54,0.45,2.65,0.26,1.62,29726.0,50.35963569,47.81040180833333,49.284817845,48.11020090416666
35117,100,2024-09-19 17:25:08,2024-09-20 04:21:46,45.95,-0.34,43.82,0.67,0.4,2.54,0.25,1.72,39398.0,47.033060114444446,44.24023623888889,45.42653005722222,45.09511811944445
35118,100,2024-09-20 06:14:21,2024-09-20 14:32:28,50.05,-0.68,47.54,-0.11,0.62,2.88,0.37,1.81,29887.0,47.10585811722222,47.22451622777777,47.32292905861111,48.63725811388888
35119,100,2024-09-20 15:45:20,2024-09-20 22:58:48,47.63,-0.28,51.41,0.47,0.51,2.94,0.3,1.78,26008.0,53.15562083777778,46.666519191111114,52.282810418888886,47.14825959555556
35120,100,2024-09-21 04:17:41,2024-09-21 12:34:27,44.86,-0.0,46.36,0.96,0.44,2.72,0.26,1.64,29806.0,50.044816426666664,44.86,48.20240821333333,44.86
35121,100,2024-09-21 13:57:50,2024-09-21 22:22:05,46.95,0.26,48.7,0.4,0.45,2.72,0.27,1.75,30255.0,50.337131666666664,47.975896625000004,49.518565833333334,47.462948312500004
35122,100,2024-09-21 23:30:06,2024-09-22 07:47:26,40.5,0.47,46.49,0.58,0.43,2.68,0.27,1.73,29840.0,48.72503257777778,42.07779,47.60751628888889,41.288895
35123,100,2024-09-22 09:21:42,2024-09-22 17:35:33,46.64,-0.13,44.86,0.4,0.46,2.72,0.27,1.68,29631.0,46.336940733333336,46.14094811333334,45.59847036666667,46.39047405666667
35124,100,2024-09-22 19:02:26,2024-09-23 03:20:11,44.15,0.3,48.83,0.95,0.48,2.79,0.27,1.67,29865.0,52.67831264583334,45.248783124999996,50.75415632291667,44.6993915625
35127,100,2024-09-23 06:51:47,2024-09-23 15:06:05,42.45,0.15,45.7,0.34,0.46,2.7,0.29,1.8,29658.0,46.98007223333333,42.974575875000006,46.34003611666667,42.71228793750001
35128,100,2024-09-23 16:38:03,2024-09-23 18:04:22,43.23,-0.42,40.15,9.97,2.69,2.77,2.32,2.27,5179.0,45.908695540277776,42.968797134999996,43.029347770138884,43.099398567499996
35129,100,2024-09-23 20:10:31,2024-09-24 04:31:31,44.63,-0.29,38.89,1.36,0.46,2.74,0.28,1.77,30060.0,43.306348400000005,43.54928455,41.0981742,44.089642275
35130,100,2024-09-24 05:44:24,2024-09-24 13:57:27,45.23,-0.01,45.99,0.79,0.46,2.78,0.27,1.69,29583.0,48.97559031750001,45.1928322475,47.48279515875001,45.21141612375
35131,100,2024-09-24 15:13:50,2024-09-24 23:22:09,48.29,0.11,42.16,0.73,0.64,2.87,0.38,1.83,29299.0,44.664804064444446,48.72231488361111,43.41240203222222,48.506157441805556
35132,100,2024-09-25 00:45:14,2024-09-25 00:46:17,46.47,-0.18,48.55,-0.04,0.74,3.44,0.54,2.33,63.0,48.54966015,46.468536195,48.549830075,46.4692680975
35133,100,2024-09-25 01:59:27,2024-09-25 08:17:37,44.66,-0.32,47.05,-0.27,0.59,2.74,0.36,1.75,22690.0,46.249326624999995,43.75925742222222,46.649663312499996,44.20962871111111
35134,100,2024-09-25 09:24:25,2024-09-25 13:53:31,46.6,-0.08,41.36,1.48,0.81,2.77,0.5,1.89,16146.0,44.10539408,46.4327992,42.732697040000005,46.5163996
35143,100,2024-09-25 23:05:49,2024-09-26 07:23:02,46.57,-0.39,49.47,0.18,0.45,2.75,0.29,1.9,29833.0,50.207919255,45.064900289166665,49.8389596275,45.81745014458333
35144,100,2024-09-26 08:34:01,2024-09-26 14:04:08,43.09,-0.47,41.23,1.73,0.69,2.77,0.4,1.82,19807.0,45.15442143138889,41.97572970527778,43.19221071569444,42.532864852638895
35147,100,2024-09-26 17:46:25,2024-09-27 04:20:26,40.43,0.08,44.55,-0.09,0.34,2.64,0.2,1.6,38041.0,44.126318362499994,40.77177725111111,44.33815918124999,40.600888625555555
35148,100,2024-09-27 05:34:18,2024-09-27 13:53:39,45.25,-0.49,43.35,0.38,0.47,2.79,0.27,1.71,29961.0,44.720965425,43.4046936875,44.0354827125,44.32734684375
35149,100,2024-09-27 15:32:31,2024-09-27 23:48:40,45.78,-0.82,42.41,0.29,0.47,2.72,0.28,1.82,29769.0,43.427016539166665,42.675787910000004,42.91850826958333,44.227893955
35150,100,2024-09-28 02:00:59,2024-09-28 10:19:55,43.16,-0.03,45.33,-0.22,0.45,2.73,0.27,1.72,29936.0,44.50072290666667,43.052330186666666,44.91536145333333,43.10616509333333
35151,100,2024-09-28 11:31:47,2024-09-28 21:30:25,45.54,-0.43,45.07,0.43,0.38,2.52,0.23,1.71,35918.0,47.003595643888886,43.58624039,46.03679782194445,44.563120194999996
35152,100,2024-09-28 23:00:46,2024-09-29 07:16:55,42.15,-0.32,40.57,0.56,0.45,2.65,0.31,1.83,29769.0,42.44868851333333,41.0346548,41.509344256666665,41.5923274
35154,100,2024-09-29 18:23:37,2024-09-30 02:40:42,44.99,-0.03,43.41,0.13,0.31,1.89,0.26,1.75,29825.0,43.877531729166655,44.87818110416667,43.64376586458333,44.93409055208333
35155,100,2024-09-30 03:48:57,2024-09-30 12:09:27,42.54,-0.28,45.63,0.42,0.37,2.3,0.26,1.72,30030.0,47.22864705,41.5464074,46.429323525,42.0432037
