Fill,Type,"Beam Energy, GeV",Physics On,Fill Length,Blue Avrg.,Blue Avrg. Error,Blue P_0,Blue P_0 Error,"Blue Slope, %/h","Blue Slope, %/h Error",Yellow Avrg.,Yellow Avrg. Error,Yellow P_0,Yellow P_0 Error,"Yellow Slope, %/h","Yellow Slope, %/h Error",Blue Slope Error,Yellow Slope Error
34346,undef,24.0,,,,,,,,,,,,,,,False,False
34370,undef,24.0,,,,,,,,,,,,,,,False,False
34372,phys,100.0,2024-04-26 23:58:20,,64.35,6.65,64.23,6.65,-0.18,0.54,60.91,3.5,61.11,3.5,-0.04,0.74,True,True
34373,phys,100.0,2024-04-27 00:53:14,19577.0,57.95,3.45,65.01,3.04,-2.72,0.73,59.42,2.61,61.23,2.36,-0.42,0.44,False,False
34374,phys,100.0,2024-04-27 06:53:45,31952.0,69.15,3.8,69.02,3.8,-0.18,0.54,64.34,2.85,64.55,2.85,-0.04,0.74,True,True
34375,phys,100.0,2024-04-27 16:34:14,30030.0,61.77,4.87,66.61,4.16,-1.42,0.67,58.28,2.42,61.18,2.03,-0.56,0.34,False,False
34376,phys,100.0,2024-04-28 01:28:31,38936.0,61.04,3.33,60.92,3.33,-0.18,0.54,64.15,2.93,64.35,2.93,-0.04,0.74,True,True
34378,undef,24.0,,,,,,,,,,,,,,,False,False
34379,phys,100.0,2024-04-28 18:18:46,20269.0,59.81,3.72,59.79,3.14,-0.31,0.74,55.86,3.25,56.87,2.78,-0.1,0.62,False,False
34380,undef,100.0,,,61.75,3.93,61.63,3.93,-0.18,0.54,68.73,3.79,68.95,3.79,-0.04,0.74,True,True
34382,undef,24.0,,,,,,,,,,,,,,,False,False
34383,phys,100.0,2024-04-29 02:57:52,17567.0,62.5,4.51,66.16,3.76,-1.17,1.12,67.26,3.58,72.39,3.22,-1.74,0.71,False,False
34386,undef,24.0,,,,,,,,,,,,,,,False,False
34387,undef,100.0,,,64.16,3.95,64.04,3.95,-0.18,0.54,63.99,2.59,64.19,2.59,-0.04,0.74,True,True
34388,phys,100.0,2024-04-30 00:03:46,36634.0,61.04,4.34,60.98,3.29,-0.26,0.58,61.6,2.41,63.43,2.01,-0.4,0.28,False,False
34393,undef,24.0,,,,,,,,,,,,,,,False,False
34394,undef,100.0,,,73.14,16.15,73.0,16.15,-0.18,0.54,57.27,5.5,57.46,5.5,-0.04,0.74,True,True
34395,phys,100.0,2024-04-30 18:10:59,29929.0,64.1,12.65,67.07,10.97,-0.33,1.55,63.33,5.71,63.41,4.79,0.13,0.76,False,False
34396,phys,100.0,2024-05-01 03:35:22,3745.0,61.76,7.17,61.64,7.17,-0.18,0.54,71.21,6.02,71.44,6.02,-0.04,0.74,True,True
34399,phys,100.0,2024-05-01 06:13:46,5868.0,82.65,8.16,82.49,8.16,-0.18,0.54,65.78,6.04,66.0,6.04,-0.04,0.74,True,True
34403,phys,100.0,2024-05-01 11:40:02,38962.0,65.35,2.8,62.15,2.38,0.36,0.27,65.02,2.48,65.77,2.22,-0.17,0.21,False,False
34404,phys,100.0,2024-05-01 23:20:18,,61.78,4.56,61.66,4.56,-0.18,0.54,61.75,2.33,61.94,2.33,-0.04,0.74,True,True
34405,phys,100.0,2024-05-02 00:12:28,,65.59,2.87,65.46,2.87,-0.18,0.54,60.07,2.2,60.27,2.2,-0.04,0.74,True,True
34406,phys,100.0,2024-05-02 02:25:15,29182.0,62.62,2.99,64.9,2.34,-0.69,0.48,61.3,2.6,60.43,2.11,0.12,0.38,False,False
34408,phys,100.0,2024-05-02 18:22:09,29995.0,48.66,2.48,74.97,2.38,-6.02,0.36,45.57,2.38,65.32,2.3,-4.68,0.34,False,False
34409,undef,24.0,,,,,,,,,,,,,,,False,False
34410,undef,24.0,,,,,,,,,,,,,,,False,False
34411,undef,24.0,,,,,,,,,,,,,,,False,False
34412,phys,100.0,2024-05-03 08:43:30,17133.0,67.11,3.2,68.92,2.68,-0.89,0.77,61.96,2.43,62.64,2.17,-0.39,0.48,False,False
34416,undef,100.0,,,66.9,2.83,66.78,2.83,-0.18,0.54,62.21,2.47,62.41,2.47,-0.04,0.74,True,True
34417,undef,24.0,,,,,,,,,,,,,,,False,False
34418,phys,100.0,2024-05-03 19:07:53,51949.0,62.3,3.4,62.18,3.4,-0.18,0.54,59.72,3.02,59.91,3.02,-0.04,0.74,True,True
34419,phys,100.0,2024-05-04 10:42:53,32141.0,67.7,3.89,69.04,3.28,0.02,0.47,60.46,3.22,63.27,2.83,-0.64,0.37,False,False
34420,phys,100.0,2024-05-04 20:27:33,49567.0,60.01,3.67,61.94,3.18,-0.18,0.28,58.33,3.32,57.9,2.84,0.03,0.25,False,False
34421,phys,100.0,2024-05-05 10:59:25,42215.0,54.24,4.31,52.64,3.64,0.33,0.4,50.39,3.31,51.59,2.92,-0.06,0.27,False,False
34422,phys,100.0,2024-05-06 01:12:50,31623.0,56.71,3.82,56.25,3.24,-0.0,0.48,54.1,3.36,55.31,2.88,0.03,0.4,False,False
34423,phys,100.0,2024-05-06 15:27:51,38048.0,33.81,3.28,33.75,3.28,-0.18,0.54,38.77,3.11,38.89,3.11,-0.04,0.74,True,True
34442,undef,24.0,2024-05-10 15:35:53,25585.0,,,,,,,,,,,,,False,False
34443,phys,100.0,2024-05-11 00:06:24,7526.0,48.63,3.46,46.59,2.78,1.63,1.96,50.71,3.32,48.38,2.77,1.92,1.71,False,False
34444,phys,100.0,2024-05-11 03:04:02,7477.0,51.85,2.55,49.4,2.18,2.73,1.25,47.29,2.97,45.63,2.54,1.25,1.47,False,False
34445,undef,24.0,,,,,,,,,,,,,,,False,False
34446,phys,100.0,2024-05-11 06:41:43,7683.0,40.65,2.86,40.57,2.86,-0.18,0.54,47.13,2.94,47.28,2.94,-0.04,0.74,True,True
34447,phys,100.0,2024-05-11 09:47:23,8253.0,37.4,3.53,37.62,2.98,-0.22,1.72,43.65,2.93,43.62,2.53,-0.31,1.32,False,False
34448,phys,100.0,2024-05-11 12:50:48,11555.0,37.71,3.78,40.3,3.29,-1.42,1.26,46.38,2.96,45.93,2.55,-0.03,0.95,False,False
34449,undef,24.0,,,,,,,,,,,,,,,False,False
34450,phys,100.0,2024-05-11 20:54:53,11449.0,38.08,3.33,37.63,2.73,0.74,1.22,44.47,2.88,43.93,2.46,0.18,0.95,False,False
34451,phys,100.0,2024-05-12 00:48:55,11137.0,41.77,3.31,38.62,2.73,1.68,1.2,45.34,2.93,46.76,2.52,-0.13,0.99,False,False
34452,phys,100.0,2024-05-12 04:39:30,11505.0,40.29,3.09,41.07,2.53,1.45,1.1,44.85,3.15,42.99,2.7,1.15,0.98,False,False
34453,phys,100.0,2024-05-12 08:44:31,11275.0,39.29,2.91,39.38,2.37,0.18,1.1,44.36,3.01,45.27,2.61,-0.67,1.01,False,False
34454,undef,24.0,,,,,,,,,,,,,,,False,False
34455,undef,24.0,,,,,,,,,,,,,,,False,False
34456,phys,100.0,2024-05-12 14:44:23,,,,,,-0.18,0.54,45.28,2.85,45.43,2.85,-0.04,0.74,True,True
34457,undef,24.0,,,,,,,,,,,,,,,False,False
34458,phys,100.0,2024-05-12 16:12:40,28336.0,,,,,-0.18,0.54,41.06,2.61,41.2,2.61,-0.04,0.74,True,True
34460,phys,100.0,2024-05-13 03:52:43,,49.2,2.92,48.8,2.61,0.01,0.46,44.81,2.94,44.88,2.5,0.22,0.53,False,False
34462,undef,24.0,,,,,,,,,,,,,,,False,False
34463,phys,100.0,2024-05-13 11:49:19,9712.0,,,,,-0.18,0.54,49.56,3.03,49.88,2.62,-0.22,1.16,True,False
34464,phys,100.0,2024-05-13 15:16:12,27264.0,52.82,3.66,52.72,3.66,-0.18,0.54,52.63,7.42,52.8,7.42,-0.04,0.74,True,True
34465,phys,100.0,2024-05-13 23:56:21,32786.0,42.31,3.54,42.23,3.54,-0.18,0.54,47.62,3.92,47.78,3.92,-0.04,0.74,True,True
34472,phys,100.0,2024-05-14 17:10:55,31541.0,43.12,4.83,52.92,4.52,0.3,0.33,48.14,3.75,47.29,3.17,0.68,0.45,False,False
34473,phys,100.0,2024-05-15 02:59:05,18731.0,,,,,-0.18,0.54,46.19,2.92,46.34,2.92,-0.04,0.74,True,True
34477,undef,24.0,,,,,,,,,,,,,,,False,False
34479,undef,24.0,,,,,,,,,,,,,,,False,False
34480,undef,24.0,,,,,,,,,,,,,,,False,False
34485,phys,100.0,2024-05-16 23:48:59,38060.0,38.59,4.23,38.52,4.23,-0.18,0.54,42.41,3.13,42.54,3.13,-0.04,0.74,True,True
34487,phys,100.0,2024-05-17 12:55:09,,48.02,4.05,47.93,4.05,-0.18,0.54,50.15,3.91,50.31,3.91,-0.04,0.74,True,True
34489,phys,100.0,2024-05-17 16:43:05,,52.37,2.02,52.27,2.02,-0.18,0.54,53.35,2.52,53.52,2.52,-0.04,0.74,True,True
34492,phys,100.0,2024-05-18 01:11:17,32845.0,44.18,3.03,42.39,2.55,0.25,0.37,41.89,2.88,42.28,2.44,-0.12,0.35,False,False
34493,undef,100.0,,,50.67,3.27,50.67,3.27,-0.18,0.54,54.7,6.07,54.7,6.07,-0.04,0.74,True,True
34494,phys,100.0,2024-05-18 12:07:48,,50.49,3.28,50.39,3.28,-0.18,0.54,49.67,3.85,49.83,3.85,-0.04,0.74,True,True
34496,phys,100.0,2024-05-18 14:21:14,,48.61,3.52,48.52,3.52,-0.18,0.54,48.59,3.41,48.74,3.41,-0.04,0.74,True,True
34499,phys,100.0,2024-05-18 21:34:35,29638.0,45.46,2.86,47.42,2.36,-0.55,0.41,51.28,3.34,51.39,2.8,0.02,0.45,False,False
34500,phys,100.0,2024-05-19 06:32:41,4791.0,46.89,2.11,46.8,2.11,-0.18,0.54,49.48,2.42,49.64,2.42,-0.04,0.74,True,True
34503,phys,100.0,2024-05-19 14:31:37,29694.0,43.47,1.92,43.2,1.67,-0.01,0.24,49.51,2.83,47.83,2.46,0.25,0.33,False,False
34504,phys,100.0,2024-05-19 23:34:22,36881.0,45.29,2.04,43.14,1.74,0.01,0.22,51.65,3.23,55.97,2.8,0.3,0.31,False,False
34509,phys,100.0,2024-05-20 17:29:41,32032.0,40.53,2.31,39.02,2.01,-0.04,0.27,40.68,2.39,44.78,2.04,-0.1,0.29,False,False
34510,phys,100.0,2024-05-21 03:27:14,,42.94,2.58,42.86,2.58,-0.18,0.54,48.67,3.1,48.83,3.1,-0.04,0.74,True,True
34513,undef,24.0,,,,,,,,,,,,,,,False,False
34514,undef,24.0,,,,,,,,,,,,,,,False,False
34515,phys,100.0,2024-05-21 20:32:40,40322.0,41.76,2.44,41.92,2.14,-0.4,0.24,49.94,2.25,49.58,1.92,-0.04,0.22,False,False
34517,phys,100.0,2024-05-22 20:37:39,43587.0,43.15,2.33,47.78,2.04,-0.52,0.21,47.95,2.43,46.68,2.02,-0.13,0.24,False,False
34519,phys,100.0,2024-05-23 15:54:05,7574.0,46.61,2.5,46.61,2.5,-0.18,0.54,50.39,1.99,50.39,1.99,-0.04,0.74,True,True
34521,phys,100.0,2024-05-23 23:20:17,30341.0,49.83,2.16,48.73,2.07,0.16,0.41,51.82,2.06,51.47,1.75,-0.04,0.27,False,False
34524,undef,24.0,,,,,,,,,,,,,,,False,False
34525,phys,100.0,2024-05-24 14:32:27,30323.0,43.19,2.54,43.93,2.2,0.25,0.31,52.58,2.61,57.43,2.31,-0.66,0.33,False,False
34526,phys,100.0,2024-05-25 00:04:46,30555.0,39.06,2.34,34.45,2.02,0.19,0.28,43.07,2.49,43.99,2.18,-0.2,0.3,False,False
34527,phys,100.0,2024-05-25 10:00:30,30815.0,49.36,2.04,52.67,1.72,-0.36,0.27,51.82,2.23,53.75,1.9,0.2,0.29,False,False
34528,phys,100.0,2024-05-25 19:46:17,31439.0,41.67,2.33,41.02,2.02,-0.25,0.29,50.46,2.59,49.77,2.29,-0.21,0.3,False,False
34529,phys,100.0,2024-05-26 05:39:17,30094.0,43.47,2.29,40.87,1.99,0.05,0.28,53.39,2.63,56.29,2.29,-0.04,0.33,False,False
34530,undef,24.0,,,,,,,,,,,,,,,False,False
34531,phys,100.0,2024-05-26 16:02:18,29878.0,40.57,2.24,43.41,1.94,-0.43,0.3,45.05,2.32,52.75,2.04,-0.35,0.29,False,False
34532,phys,100.0,2024-05-27 01:27:57,29696.0,43.38,1.93,44.22,1.83,0.09,0.57,57.69,3.02,56.64,2.4,0.29,0.46,False,False
34533,undef,24.0,,,,,,,,,,,,,,,False,False
34534,undef,24.0,,,,,,,,,,,,,,,False,False
34535,phys,100.0,2024-05-27 12:32:57,14481.0,45.02,2.98,45.2,2.44,0.2,0.9,57.23,3.19,53.3,2.76,0.88,0.8,False,False
34536,phys,100.0,2024-05-27 19:20:47,82406.0,48.3,2.51,46.45,2.15,0.6,0.53,47.74,5.05,48.61,2.19,-0.29,0.44,False,False
34547,phys,100.0,2024-05-29 18:32:22,31983.0,50.31,2.06,51.33,1.81,-0.56,0.24,51.84,2.31,49.82,1.98,0.22,0.27,False,False
34548,phys,100.0,2024-05-30 05:04:41,,48.62,2.31,53.32,2.05,-1.23,0.3,60.24,2.65,62.68,2.32,0.06,0.32,False,False
34549,phys,100.0,2024-05-30 17:50:24,30461.0,49.03,2.39,48.5,2.04,0.27,0.3,50.9,2.29,53.04,1.96,0.25,0.29,False,False
34550,phys,100.0,2024-05-31 03:30:06,,56.77,2.46,56.69,2.46,-0.18,0.54,52.5,2.75,52.67,2.75,-0.04,0.74,True,True
34551,undef,100.0,,,54.41,2.65,54.33,2.65,-0.18,0.54,57.2,3.14,57.38,3.14,-0.04,0.74,True,True
34552,phys,100.0,2024-05-31 08:00:30,5642.0,,,,,-0.18,0.54,52.06,2.69,52.06,2.69,-0.04,0.74,True,True
34553,phys,100.0,2024-05-31 11:04:52,,52.84,2.64,52.77,2.64,-0.18,0.54,58.67,2.79,58.86,2.79,-0.04,0.74,True,True
34554,phys,100.0,2024-05-31 12:30:41,,49.49,2.33,49.42,2.33,-0.18,0.54,51.06,2.75,51.22,2.75,-0.04,0.74,True,True
34555,phys,100.0,2024-05-31 14:04:45,,50.48,2.32,50.41,2.32,-0.18,0.54,50.16,2.63,50.32,2.63,-0.04,0.74,True,True
34558,phys,100.0,2024-05-31 17:49:17,,53.1,3.04,53.1,3.04,-0.18,0.54,56.14,2.96,56.14,2.96,-0.04,0.74,True,True
34566,phys,100.0,2024-06-01 12:24:14,25123.0,58.38,2.44,60.0,2.06,-0.15,0.38,59.05,2.45,60.71,2.16,-0.51,0.37,False,False
34567,phys,100.0,2024-06-01 22:38:24,,58.24,2.67,58.16,2.67,-0.18,0.54,59.82,3.14,60.02,3.14,-0.04,0.74,True,True
34568,phys,100.0,2024-06-01 23:50:24,23537.0,58.22,2.55,57.43,2.18,0.07,0.42,58.07,2.58,56.56,2.18,0.64,0.42,False,False
34569,phys,100.0,2024-06-02 07:27:57,16413.0,58.46,3.05,55.46,2.42,1.54,0.83,63.97,3.29,64.4,2.71,0.52,0.83,False,False
34570,phys,100.0,2024-06-02 13:43:01,23348.0,55.16,2.52,56.13,2.15,-0.22,0.42,60.66,2.45,59.77,2.13,0.35,0.38,False,False
34571,phys,100.0,2024-06-02 21:25:35,22904.0,56.44,2.7,55.05,2.28,0.43,0.46,55.93,2.51,60.73,2.16,-0.23,0.42,False,False
34572,phys,100.0,2024-06-03 05:00:21,22974.0,53.38,2.41,57.09,2.1,-1.1,0.41,56.41,2.63,56.79,2.33,-0.17,0.41,False,False
34573,phys,100.0,2024-06-03 13:05:55,24924.0,51.78,2.52,52.64,2.26,-1.05,0.46,56.62,2.75,55.22,2.27,0.38,0.46,False,False
34574,phys,100.0,2024-06-03 22:03:27,23202.0,54.2,2.35,54.18,2.0,-0.32,0.4,55.13,2.42,56.75,2.12,-0.23,0.38,False,False
34575,phys,100.0,2024-06-04 05:45:19,25907.0,52.32,2.65,53.21,2.1,-0.4,0.47,56.33,2.77,58.94,2.47,0.23,0.48,False,False
34576,phys,100.0,2024-06-04 15:34:38,,59.76,3.43,59.76,3.43,-0.18,0.54,52.46,2.97,52.46,2.97,-0.04,0.74,True,True
34577,phys,100.0,2024-06-04 16:44:24,22889.0,50.36,5.71,55.93,4.94,-0.36,0.93,53.22,4.88,49.84,4.22,0.4,0.78,False,False
34578,phys,100.0,2024-06-05 00:24:28,27139.0,49.19,2.15,52.0,1.93,-0.99,0.29,55.02,2.18,55.54,1.91,0.14,0.28,False,False
34584,phys,100.0,2024-06-07 01:22:18,,54.48,2.55,54.48,2.55,-0.18,0.54,51.67,2.94,51.67,2.94,-0.04,0.74,True,True
34585,phys,100.0,2024-06-07 03:09:49,22091.0,50.69,2.21,50.67,1.96,-0.58,0.36,56.88,2.71,55.74,2.36,0.09,0.44,False,False
34586,phys,100.0,2024-06-07 15:18:19,22642.0,52.59,2.38,51.63,2.02,0.08,0.41,56.35,2.38,58.04,2.07,-0.1,0.39,False,False
34587,phys,100.0,2024-06-07 22:48:28,22674.0,53.19,2.52,55.74,2.18,-0.97,0.43,55.19,2.46,56.38,2.15,-0.02,0.39,False,False
34588,undef,24.0,,,,,,,,,,,,,,,False,False
34589,phys,100.0,2024-06-08 07:25:50,,57.64,2.82,57.64,2.82,-0.18,0.54,56.53,3.03,56.53,3.03,-0.04,0.74,True,True
34590,phys,100.0,2024-06-08 08:42:50,,59.95,2.68,59.95,2.68,-0.18,0.54,56.61,2.62,56.61,2.62,-0.04,0.74,True,True
34591,phys,100.0,2024-06-08 10:05:53,22488.0,56.98,2.0,59.13,1.74,-0.36,0.33,60.02,2.17,61.81,1.92,-0.59,0.35,False,False
34592,phys,100.0,2024-06-08 17:46:35,22165.0,49.18,2.26,48.4,1.9,-0.15,0.41,57.38,2.66,54.83,2.29,0.25,0.44,False,False
34593,phys,100.0,2024-06-09 02:04:53,22673.0,52.74,2.25,52.05,1.9,-0.01,0.4,53.2,2.43,52.41,2.09,0.16,0.4,False,False
34594,phys,100.0,2024-06-09 10:01:15,16289.0,51.69,2.59,53.21,2.05,-0.44,0.75,54.8,2.75,55.22,2.22,-0.24,0.75,False,False
34595,phys,100.0,2024-06-09 18:15:49,,43.14,2.38,43.14,2.38,-0.18,0.54,53.1,3.32,53.1,3.32,-0.04,0.74,True,True
34596,phys,100.0,2024-06-09 20:02:26,22367.0,46.8,2.29,47.9,1.92,0.33,0.4,53.18,2.78,49.83,2.42,0.34,0.45,False,False
34597,phys,100.0,2024-06-10 03:36:36,27885.0,46.39,2.31,46.09,1.93,-0.08,0.34,50.9,2.37,50.41,2.06,-0.07,0.31,False,False
34601,undef,24.0,,,,,,,,,,,,,,,False,False
34603,undef,100.0,,,45.98,2.73,45.98,2.73,-0.18,0.54,41.65,2.63,41.65,2.63,-0.04,0.74,True,True
34606,undef,24.0,,,,,,,,,,,,,,,False,False
34607,phys,100.0,2024-06-10 23:31:50,,48.19,2.46,48.19,2.46,-0.18,0.54,50.81,2.85,50.81,2.85,-0.04,0.74,True,True
34608,phys,100.0,2024-06-11 01:50:56,23004.0,56.57,2.37,59.4,2.06,-0.37,0.39,51.5,2.28,54.66,1.98,-0.37,0.38,False,False
34609,phys,100.0,2024-06-11 11:06:14,16502.0,50.51,2.39,48.71,2.09,0.39,0.53,49.74,2.39,51.32,2.13,-0.76,0.51,False,False
34610,phys,100.0,2024-06-11 16:53:08,,48.6,2.46,48.6,2.46,-0.18,0.54,46.1,2.54,46.1,2.54,-0.04,0.74,True,True
34611,phys,100.0,2024-06-11 18:09:40,,49.33,3.57,49.33,3.57,-0.18,0.54,47.52,2.62,47.52,2.62,-0.04,0.74,True,True
34612,undef,100.0,,,48.43,2.53,48.43,2.53,-0.18,0.54,47.97,2.68,47.97,2.68,-0.04,0.74,True,True
34613,phys,100.0,2024-06-11 20:43:20,,49.43,2.81,49.43,2.81,-0.18,0.54,48.61,2.77,48.61,2.77,-0.04,0.74,True,True
34614,phys,100.0,2024-06-11 21:55:50,43000.0,52.77,2.14,51.81,1.83,0.02,0.19,54.34,1.97,54.1,1.67,-0.08,0.18,False,False
34644,undef,100.0,,,56.18,2.95,56.18,2.95,-0.18,0.54,59.13,2.66,59.13,2.66,-0.04,0.74,True,True
34646,phys,100.0,2024-06-16 11:43:30,37337.0,54.56,2.39,53.42,2.06,0.14,0.24,54.64,2.26,59.37,2.04,-1.05,0.23,False,False
34647,phys,100.0,2024-06-16 23:24:22,27653.0,55.42,2.52,54.46,2.25,0.26,0.3,56.36,2.34,56.74,2.07,-0.11,0.29,False,False
34648,phys,100.0,2024-06-17 08:24:29,23959.0,45.04,2.02,44.83,1.69,0.09,0.34,49.98,2.14,51.73,1.84,-0.31,0.34,False,False
34649,undef,100.0,,,48.51,2.72,48.51,2.72,-0.18,0.54,53.61,2.55,53.61,2.55,-0.04,0.74,True,True
34650,undef,24.0,,,,,,,,,,,,,,,False,False
34651,undef,100.0,,,49.76,2.37,49.76,2.37,-0.18,0.54,54.74,2.79,54.74,2.79,-0.04,0.74,True,True
34652,phys,100.0,2024-06-18 02:07:38,,54.51,2.49,54.51,2.49,-0.18,0.54,51.54,2.35,51.54,2.35,-0.04,0.74,True,True
34653,undef,24.0,,,,,,,,,,,,,,,False,False
34654,phys,100.0,2024-06-18 06:48:54,,51.77,2.76,51.77,2.76,-0.18,0.54,58.93,2.94,58.93,2.94,-0.04,0.74,True,True
34655,phys,100.0,2024-06-18 08:04:14,9663.0,56.11,2.47,56.84,2.21,-0.44,0.86,55.57,2.61,54.43,2.3,1.12,0.91,False,False
34660,undef,100.0,,,52.84,2.82,52.84,2.82,-0.18,0.54,55.36,2.96,55.36,2.96,-0.04,0.74,True,True
34662,undef,100.0,,,56.14,2.58,56.14,2.58,-0.18,0.54,60.28,2.66,60.28,2.66,-0.04,0.74,True,True
34663,phys,100.0,2024-06-19 03:52:37,,57.67,2.89,57.67,2.89,-0.18,0.54,60.21,2.65,60.21,2.65,-0.04,0.74,True,True
34664,phys,100.0,2024-06-19 05:06:10,19362.0,58.29,2.64,60.83,2.38,-0.81,0.47,62.17,2.6,61.89,2.26,0.38,0.49,False,False
34665,phys,100.0,2024-06-19 11:39:24,15997.0,57.89,184.31,57.89,184.31,-0.18,0.54,54.85,2.33,54.85,2.33,-0.04,0.74,True,True
34667,phys,100.0,2024-06-19 20:30:00,22513.0,55.84,2.26,56.3,1.98,-0.18,0.36,59.67,2.25,60.38,1.94,0.24,0.37,False,False
34668,phys,100.0,2024-06-20 03:56:40,15338.0,59.29,2.39,62.8,2.15,-0.74,0.53,57.35,2.18,60.59,1.92,0.07,0.5,False,False
34681,phys,100.0,2024-06-21 19:17:23,30490.0,55.11,2.36,56.71,2.12,-0.74,0.27,51.71,2.42,56.11,2.29,-1.67,0.28,False,False
34682,undef,24.0,,,,,,,,,,,,,,,False,False
34683,undef,24.0,,,,,,,,,,,,,,,False,False
34684,undef,24.0,,,,,,,,,,,,,,,False,False
34685,phys,100.0,2024-06-22 07:36:46,22485.0,59.58,2.67,62.97,2.37,-0.49,0.43,50.62,2.19,56.06,2.01,-2.29,0.39,False,False
34687,phys,100.0,2024-06-22 16:15:06,22197.0,57.87,2.52,59.35,2.24,-0.22,0.41,52.2,2.63,55.04,2.54,-2.51,0.43,False,False
34688,phys,100.0,2024-06-22 23:57:53,9793.0,56.73,2.27,59.97,2.09,-1.41,0.75,54.54,2.41,58.01,2.17,-2.85,0.93,False,False
34689,phys,100.0,2024-06-23 06:39:32,22153.0,54.9,2.29,55.38,2.02,-0.07,0.38,51.34,2.34,54.88,2.13,-1.91,0.41,False,False
34690,phys,100.0,2024-06-23 14:08:08,15930.0,58.24,2.95,58.36,2.52,-0.07,0.74,55.24,2.97,57.11,2.57,-1.37,0.82,False,False
34691,phys,100.0,2024-06-23 20:30:38,22586.0,54.38,2.48,54.55,2.18,-0.18,0.4,51.6,2.6,54.66,2.32,-1.52,0.46,False,False
34692,phys,100.0,2024-06-24 03:59:46,4714.0,55.46,3.02,55.46,3.02,-0.18,0.54,58.57,2.81,58.57,2.81,-0.04,0.74,True,True
34693,phys,100.0,2024-06-24 06:43:00,23517.0,55.21,2.4,55.57,2.09,-0.06,0.38,55.15,2.36,57.15,2.1,-0.99,0.4,False,False
34694,phys,100.0,2024-06-24 14:44:00,17172.0,59.02,2.97,56.42,2.51,1.47,0.63,57.62,2.35,60.51,2.09,-0.21,0.52,False,False
34695,phys,100.0,2024-06-24 21:04:59,,58.18,2.8,58.18,2.8,-0.18,0.54,60.94,2.12,60.94,2.12,-0.04,0.74,True,True
34696,phys,100.0,2024-06-24 22:17:13,43685.0,57.86,2.09,62.46,1.83,-0.17,0.18,53.66,2.27,61.71,2.09,-1.58,0.21,False,False
34700,phys,100.0,2024-06-25 15:08:02,24271.0,54.94,2.6,55.22,2.3,0.04,0.36,58.06,2.52,57.99,2.2,-0.29,0.4,False,False
34701,phys,100.0,2024-06-25 23:32:20,22879.0,59.52,3.43,59.41,3.43,-0.18,0.54,57.32,3.01,49.71,2.62,-0.12,0.51,True,False
34702,phys,100.0,2024-06-26 07:35:30,19878.0,52.19,2.36,57.72,1.63,-2.06,0.65,57.6,2.94,59.69,2.29,-0.96,0.77,False,False
34703,phys,100.0,2024-06-26 14:35:38,,54.87,2.4,54.87,2.4,-0.18,0.54,58.59,2.71,58.59,2.71,-0.04,0.74,True,True
34706,undef,24.0,,,,,,,,,,,,,,,False,False
34708,phys,100.0,2024-06-26 23:21:18,11666.0,53.18,2.69,53.18,2.69,-0.18,0.54,64.31,3.12,64.31,3.12,-0.04,0.74,True,True
34712,phys,100.0,2024-06-27 12:30:25,8117.0,54.68,2.47,54.68,2.47,-0.18,0.54,53.29,2.26,53.29,2.26,-0.04,0.74,True,True
34713,phys,100.0,2024-06-27 16:23:55,22437.0,55.33,2.47,57.68,2.19,-0.58,0.4,60.89,2.63,59.97,2.28,0.02,0.44,False,False
34714,phys,100.0,2024-06-27 23:55:10,22279.0,52.81,2.75,54.18,2.23,-0.26,0.52,52.89,2.89,55.3,2.44,-1.19,0.54,False,False
34715,phys,100.0,2024-06-28 07:30:39,,52.0,2.28,52.0,2.28,-0.18,0.54,57.0,2.89,57.0,2.89,-0.04,0.74,True,True
34716,phys,100.0,2024-06-28 09:20:55,22754.0,54.43,2.27,55.27,1.99,-0.26,0.36,52.26,2.45,53.21,2.14,-0.59,0.41,False,False
34717,phys,100.0,2024-06-28 17:00:14,,55.28,2.59,55.28,2.59,-0.18,0.54,56.18,2.86,56.18,2.86,-0.04,0.74,True,True
34718,undef,100.0,,,58.57,3.08,58.57,3.08,-0.18,0.54,59.09,3.02,59.09,3.02,-0.04,0.74,True,True
34719,phys,100.0,2024-06-28 19:46:05,,58.95,3.32,58.95,3.32,-0.18,0.54,57.43,3.04,57.43,3.04,-0.04,0.74,True,True
34720,phys,100.0,2024-06-28 21:13:02,,59.23,3.2,59.23,3.2,-0.18,0.54,57.88,2.57,57.88,2.57,-0.04,0.74,True,True
34721,phys,100.0,2024-06-28 22:35:47,22748.0,58.98,2.69,61.25,2.42,-0.63,0.42,56.81,2.54,61.86,2.22,-0.56,0.41,False,False
34722,phys,100.0,2024-06-29 06:18:31,22486.0,55.67,2.47,57.72,2.2,-0.6,0.39,58.67,2.45,58.81,2.16,-0.77,0.41,False,False
34723,undef,100.0,,,57.65,3.24,57.65,3.24,-0.18,0.54,56.64,2.53,56.64,2.53,-0.04,0.74,True,True
34724,undef,24.0,,,,,,,,,,,,,,,False,False
34725,phys,100.0,2024-06-29 16:05:17,22609.0,57.63,2.44,59.12,2.19,-1.0,0.39,59.86,2.43,58.8,2.08,0.12,0.42,False,False
34726,phys,100.0,2024-06-29 23:44:25,22117.0,54.42,3.08,54.81,2.23,-0.28,0.72,55.61,2.99,57.83,2.15,-0.98,0.72,False,False
34727,phys,100.0,2024-06-30 07:08:58,22522.0,52.84,2.26,54.32,1.95,0.09,0.37,54.91,2.3,56.32,2.04,-0.9,0.38,False,False
34728,phys,100.0,2024-06-30 14:40:24,22665.0,54.6,2.3,54.67,2.04,-0.53,0.36,59.43,2.45,63.61,2.16,-0.56,0.4,False,False
34729,phys,100.0,2024-06-30 22:42:19,9859.0,57.32,2.82,57.32,2.82,-0.18,0.54,59.47,2.7,59.47,2.7,-0.04,0.74,True,True
34732,phys,100.0,2024-07-01 08:47:33,22425.0,57.9,2.68,60.48,2.43,-0.99,0.43,57.96,2.41,58.39,2.07,-0.12,0.42,False,False
34733,phys,100.0,2024-07-01 16:49:33,22253.0,57.71,2.38,58.96,2.14,-0.73,0.38,56.73,2.26,57.97,1.99,-0.75,0.38,False,False
34734,phys,100.0,2024-07-02 00:23:21,27988.0,56.28,2.24,59.07,2.0,-0.72,0.29,55.41,2.21,58.28,1.94,-0.34,0.29,False,False
34736,phys,100.0,2024-07-02 21:30:19,22767.0,56.67,2.45,61.42,2.22,-1.39,0.39,54.63,2.18,55.18,1.85,-0.04,0.37,False,False
34737,phys,100.0,2024-07-03 05:03:18,,57.13,2.7,57.13,2.7,-0.18,0.54,53.93,2.58,53.93,2.58,-0.04,0.74,True,True
34738,phys,100.0,2024-07-03 06:20:34,12934.0,56.45,2.96,56.45,2.96,-0.18,0.54,56.26,2.53,56.26,2.53,-0.04,0.74,True,True
34742,phys,100.0,2024-07-03 13:20:21,23391.0,53.29,2.46,55.43,2.21,-0.77,0.38,57.8,2.24,59.05,1.94,-0.61,0.37,False,False
34743,phys,100.0,2024-07-03 21:11:56,,57.17,2.85,57.17,2.85,-0.18,0.54,55.54,9.15,55.72,9.15,-0.04,0.74,True,True
34744,phys,100.0,2024-07-03 22:26:05,,51.08,2.72,51.08,2.72,-0.18,0.54,,,,,-0.04,0.74,True,True
34745,phys,100.0,2024-07-03 23:45:37,20417.0,56.41,3.43,59.47,2.7,-0.99,0.81,,,,,-0.04,0.74,False,True
34747,phys,100.0,2024-07-04 10:00:35,22348.0,56.0,2.53,59.06,2.27,-0.49,0.4,54.58,11.84,52.08,10.35,-0.27,1.9,False,False
34748,phys,100.0,2024-07-04 17:51:11,,60.75,3.25,60.75,3.25,-0.18,0.54,55.4,4.1,55.4,4.1,-0.04,0.74,True,True
34750,phys,100.0,2024-07-04 22:18:16,13256.0,59.82,3.11,59.82,3.11,-0.18,0.54,54.17,2.83,54.17,2.83,-0.04,0.74,True,True
34751,phys,100.0,2024-07-05 03:20:20,24878.0,54.61,2.83,59.1,2.58,-0.66,0.38,58.88,2.84,60.87,2.52,-0.35,0.41,False,False
34755,phys,100.0,2024-07-05 15:42:21,,61.17,3.11,61.17,3.11,-0.18,0.54,57.51,2.74,57.51,2.74,-0.04,0.74,True,True
34756,phys,100.0,2024-07-05 17:21:34,28959.0,55.36,2.49,56.75,2.17,-0.31,0.33,56.65,2.54,56.82,2.19,-0.2,0.35,False,False
34757,phys,100.0,2024-07-06 02:39:50,23007.0,54.91,2.43,55.75,2.16,-0.74,0.38,57.51,2.48,56.31,2.12,0.21,0.41,False,False
34758,phys,100.0,2024-07-06 11:01:22,24331.0,50.66,2.34,51.21,2.09,-0.7,0.35,56.83,2.35,59.15,2.09,-1.3,0.37,False,False
34760,phys,100.0,2024-07-06 20:30:10,25614.0,51.93,2.27,55.16,2.01,-0.76,0.33,59.55,2.31,60.63,2.0,-0.4,0.35,False,False
34761,phys,100.0,2024-07-07 04:53:15,,52.77,2.64,52.77,2.64,-0.18,0.54,56.66,2.63,56.66,2.63,-0.04,0.74,True,True
34762,phys,100.0,2024-07-07 06:04:26,10513.0,55.91,2.84,55.91,2.84,-0.18,0.54,58.03,2.77,58.03,2.77,-0.04,0.74,True,True
34763,phys,100.0,2024-07-07 10:29:36,,50.33,2.78,50.33,2.78,-0.18,0.54,55.29,2.62,55.29,2.62,-0.04,0.74,True,True
34764,phys,100.0,2024-07-07 13:31:07,28327.0,54.65,2.52,54.54,2.23,-0.11,0.31,55.97,2.47,57.63,2.18,-0.5,0.32,False,False
34765,undef,24.0,,,,,,,,,,,,,,,False,False
34766,undef,24.0,,,,,,,,,,,,,,,False,False
34767,phys,100.0,2024-07-08 00:45:47,21943.0,56.4,2.72,57.05,2.37,-0.69,0.49,55.31,2.78,59.45,2.41,-1.17,0.52,False,False
34768,phys,100.0,2024-07-08 15:08:00,,54.29,2.65,54.29,2.65,-0.18,0.54,51.31,3.54,51.38,3.54,-0.04,0.74,True,True
34769,phys,100.0,2024-07-08 19:03:26,,50.0,2.16,56.81,1.98,-0.63,0.13,53.57,2.27,57.93,2.05,-0.68,0.14,False,False
34770,phys,100.0,2024-07-09 14:01:50,27558.0,49.81,2.34,49.19,2.06,-0.04,0.31,57.08,2.49,57.48,2.16,-0.06,0.34,False,False
34771,phys,100.0,2024-07-09 23:28:15,12827.0,52.21,2.72,52.21,2.72,-0.18,0.54,56.55,3.27,56.55,3.27,-0.04,0.74,True,True
34774,undef,24.0,,,,,,,,,,,,,,,False,False
34776,undef,24.0,,,,,,,,,,,,,,,False,False
34781,phys,100.0,2024-07-10 17:31:58,8112.0,52.28,2.67,52.28,2.67,-0.18,0.54,50.48,2.81,50.48,2.81,-0.04,0.74,True,True
34782,phys,100.0,2024-07-10 22:13:42,23817.0,54.43,2.53,56.05,2.21,-0.14,0.39,54.02,2.55,55.5,2.24,-0.5,0.41,False,False
34783,undef,24.0,,,,,,,,,,,,,,,False,False
34784,undef,24.0,,,,,,,,,,,,,,,False,False
34785,phys,100.0,2024-07-11 07:38:14,24442.0,49.11,2.34,49.15,2.06,0.18,0.35,52.14,2.46,51.85,2.12,0.04,0.38,False,False
34786,phys,100.0,2024-07-11 19:55:30,,52.2,2.8,52.2,2.8,-0.18,0.54,58.41,3.17,58.41,3.17,-0.04,0.74,True,True
34787,phys,100.0,2024-07-11 21:30:50,22361.0,51.19,2.43,50.12,2.07,0.39,0.41,51.64,2.3,50.67,1.97,0.17,0.4,False,False
34788,phys,100.0,2024-07-12 05:04:24,18635.0,42.67,2.32,46.15,2.07,-0.8,0.45,44.95,2.09,47.26,1.82,-0.22,0.42,False,False
34790,phys,100.0,2024-07-12 18:04:32,23188.0,52.41,2.27,54.72,2.01,-0.66,0.36,54.55,2.24,54.37,1.94,-0.35,0.37,False,False
34794,phys,100.0,2024-07-13 04:58:22,22221.0,51.55,2.29,51.6,1.98,-0.13,0.39,51.34,2.23,52.73,1.92,0.02,0.38,False,False
34796,phys,100.0,2024-07-13 15:30:34,22487.0,50.97,2.76,49.03,2.4,0.19,0.44,51.38,2.4,52.65,2.09,-0.44,0.41,False,False
34797,phys,100.0,2024-07-13 23:28:17,,48.76,2.49,48.76,2.49,-0.18,0.54,50.14,2.55,50.14,2.55,-0.04,0.74,True,True
34798,phys,100.0,2024-07-14 01:06:26,,50.44,2.75,50.44,2.75,-0.18,0.54,53.93,2.62,53.93,2.62,-0.04,0.74,True,True
34799,phys,100.0,2024-07-14 02:33:20,22607.0,50.85,2.39,49.02,2.08,0.07,0.39,55.27,2.4,54.08,2.05,0.28,0.41,False,False
34800,phys,100.0,2024-07-14 10:21:50,19900.0,54.73,2.92,56.6,2.24,-0.25,0.71,55.1,2.92,57.09,2.13,-0.64,0.78,False,False
34803,phys,100.0,2024-07-14 22:09:48,22523.0,49.68,2.39,51.01,2.09,-0.23,0.39,49.5,2.28,48.68,1.95,-0.08,0.39,False,False
34804,phys,100.0,2024-07-15 05:37:42,22642.0,50.28,2.39,50.37,2.1,-0.09,0.38,50.79,2.37,50.98,2.05,-0.38,0.4,False,False
34805,phys,100.0,2024-07-15 15:43:37,22566.0,49.37,2.1,51.93,1.83,-0.34,0.35,52.32,2.34,49.76,2.01,0.24,0.4,False,False
34806,phys,100.0,2024-07-15 23:30:32,4544.0,49.81,2.38,48.96,2.13,0.56,1.75,48.97,2.23,50.45,2.0,-1.64,1.69,False,False
34807,phys,100.0,2024-07-16 02:12:38,,53.2,3.49,53.1,3.49,-0.18,0.54,46.34,3.03,46.49,3.03,-0.04,0.74,True,True
34809,phys,100.0,2024-07-16 05:51:55,11894.0,47.76,2.47,48.82,2.28,-1.15,0.67,47.73,2.47,50.01,2.22,-0.87,0.72,False,False
34810,phys,100.0,2024-07-16 11:30:58,17684.0,50.22,2.78,49.36,2.23,0.29,0.71,48.26,2.7,47.3,2.05,0.63,0.74,False,False
34814,undef,24.0,,,,,,,,,,,,,,,False,False
34815,phys,100.0,2024-07-16 21:40:15,36342.0,54.6,2.3,55.82,1.97,0.02,0.25,50.42,2.27,53.93,1.97,-0.69,0.26,False,False
34818,phys,100.0,2024-07-18 01:11:43,30155.0,48.34,2.27,50.12,2.03,-0.6,0.28,50.69,2.31,51.38,1.97,0.03,0.29,False,False
34826,phys,100.0,2024-07-18 20:21:09,4444.0,53.6,2.57,53.6,2.57,-0.18,0.54,55.26,3.06,55.26,3.06,-0.04,0.74,True,True
34829,phys,100.0,2024-07-19 00:29:20,25339.0,58.11,2.53,57.28,2.19,0.37,0.37,54.04,2.26,55.16,1.92,0.06,0.35,False,False
34830,phys,100.0,2024-07-19 09:56:56,17029.0,54.55,2.29,53.7,2.05,0.03,0.45,58.35,2.92,57.11,2.67,-0.3,0.54,False,False
34831,undef,24.0,2024-07-20 01:59:18,,,,,,,,,,,,,,False,False
34832,undef,24.0,,,,,,,,,,,,,,,False,False
34833,undef,24.0,,,,,,,,,,,,,,,False,False
34834,undef,24.0,,,,,,,,,,,,,,,False,False
34836,undef,24.0,,,,,,,,,,,,,,,False,False
34837,phys,100.0,2024-07-20 01:59:18,22489.0,55.12,2.91,57.53,2.51,-0.31,0.5,57.24,2.35,58.69,2.0,0.13,0.41,False,False
34838,phys,100.0,2024-07-20 10:33:13,24266.0,54.44,2.37,52.05,2.03,0.21,0.37,59.14,2.38,59.76,2.05,-0.34,0.38,False,False
34839,undef,24.0,,,,,,,,,,,,,,,False,False
34840,phys,100.0,2024-07-20 19:29:15,,53.67,2.87,53.67,2.87,-0.18,0.54,55.52,2.79,55.52,2.79,-0.04,0.74,True,True
34841,phys,100.0,2024-07-20 20:43:03,31775.0,54.19,2.43,58.3,2.15,-0.86,0.29,57.99,2.51,56.96,2.16,0.18,0.3,False,False
34842,phys,100.0,2024-07-21 06:51:35,25493.0,53.19,2.43,52.32,2.12,-0.14,0.35,55.37,2.51,54.36,2.16,0.57,0.38,False,False
34843,undef,24.0,,,,,,,,,,,,,,,False,False
34844,phys,100.0,2024-07-21 17:41:24,24061.0,53.17,2.4,54.74,2.09,-0.3,0.37,53.96,2.62,53.2,2.27,0.17,0.4,False,False
34845,phys,100.0,2024-07-22 01:34:15,29181.0,55.2,2.41,55.2,2.07,0.27,0.31,51.67,2.44,53.86,2.12,-0.33,0.32,False,False
34846,phys,100.0,2024-07-22 11:18:43,28194.0,52.81,2.34,52.09,2.02,0.13,0.31,53.91,2.42,55.47,2.07,0.28,0.33,False,False
34847,undef,24.0,,,,,,,,,,,,,,,False,False
34848,undef,24.0,,,,,,,,,,,,,,,False,False
34849,phys,100.0,2024-07-22 22:02:48,30198.0,49.95,3.25,49.06,2.21,-0.01,0.59,56.14,3.37,51.55,2.09,1.42,0.64,False,False
34850,undef,24.0,,,,,,,,,,,,,,,False,False
34851,undef,24.0,,,,,,,,,,,,,,,False,False
34852,phys,100.0,2024-07-23 14:51:56,27438.0,51.77,2.32,53.99,2.0,0.19,0.31,52.55,2.17,49.93,1.82,0.62,0.31,False,False
34853,phys,100.0,2024-07-23 23:50:43,56848.0,53.15,2.11,52.7,1.79,-0.02,0.15,51.44,1.96,50.46,1.64,0.17,0.14,False,False
34859,phys,100.0,2024-07-25 00:11:32,25353.0,53.5,2.5,56.01,2.17,-0.41,0.37,52.84,2.19,54.49,1.89,-0.12,0.33,False,False
34860,phys,100.0,2024-07-25 08:45:05,,54.84,2.62,54.84,2.62,-0.18,0.54,53.35,2.41,53.35,2.41,-0.04,0.74,True,True
34862,phys,100.0,2024-07-25 11:19:52,25315.0,52.08,2.19,50.99,1.87,0.4,0.33,53.74,2.21,52.13,1.87,0.89,0.34,False,False
34863,phys,100.0,2024-07-25 19:42:32,25082.0,51.13,2.29,49.1,1.96,0.39,0.35,52.99,2.27,50.16,1.91,0.74,0.35,False,False
34866,undef,100.0,,,52.12,2.74,52.12,2.74,-0.18,0.54,50.69,2.46,50.69,2.46,-0.04,0.74,True,True
34867,undef,24.0,,,,,,,,,,,,,,,False,False
34868,phys,100.0,2024-07-26 07:04:48,25393.0,52.92,2.22,49.99,1.89,0.59,0.33,53.32,2.21,51.53,1.88,0.69,0.34,False,False
34869,undef,24.0,,,,,,,,,,,,,,,False,False
34870,phys,100.0,2024-07-26 16:32:08,17611.0,49.7,2.45,48.76,1.97,0.17,0.62,53.4,2.63,55.81,2.08,0.31,0.69,False,False
34872,phys,100.0,2024-07-27 00:46:49,23113.0,51.86,2.15,50.7,1.82,0.53,0.36,50.58,2.18,47.56,1.83,0.62,0.37,False,False
34873,phys,100.0,2024-07-27 08:35:34,25058.0,53.47,2.2,51.01,1.87,0.44,0.33,53.72,2.2,55.16,1.92,-0.35,0.34,False,False
34874,phys,100.0,2024-07-27 17:22:11,30929.0,50.35,2.4,48.67,1.88,0.33,0.35,53.26,2.33,49.93,1.75,1.3,0.36,False,False
34875,phys,100.0,2024-07-28 03:17:44,,52.28,2.76,52.28,2.76,-0.18,0.54,51.05,2.36,51.05,2.36,-0.04,0.74,True,True
34877,phys,100.0,2024-07-28 04:59:09,18782.0,52.76,2.07,51.2,1.78,0.68,0.41,52.8,2.2,51.23,1.89,0.75,0.45,False,False
34878,phys,100.0,2024-07-28 12:09:38,22722.0,52.61,2.27,50.87,1.92,0.56,0.38,53.32,2.3,52.09,1.91,1.04,0.4,False,False
34880,phys,100.0,2024-07-29 00:41:19,23576.0,52.56,2.24,51.56,1.93,-0.0,0.36,50.18,2.25,50.98,1.91,0.18,0.37,False,False
34881,phys,100.0,2024-07-29 08:37:57,7359.0,50.16,2.62,50.16,2.62,-0.18,0.54,50.12,2.5,50.12,2.5,-0.04,0.74,True,True
34884,phys,100.0,2024-07-30 02:38:09,26140.0,54.34,2.42,54.12,2.1,-0.02,0.34,50.23,2.22,51.49,1.9,0.05,0.33,False,False
34887,phys,100.0,2024-07-30 21:56:37,19029.0,51.5,2.45,51.65,2.13,-0.34,0.48,51.12,2.13,52.08,1.83,0.3,0.43,False,False
34888,phys,100.0,2024-07-31 04:32:49,11174.0,52.54,2.23,48.66,1.92,1.62,0.69,54.54,3.06,53.35,2.65,0.81,1.0,False,False
34896,phys,100.0,2024-08-02 01:40:58,29371.0,49.61,2.14,49.22,1.82,0.51,0.28,54.86,2.49,55.81,2.15,0.39,0.31,False,False
34897,undef,0.0,2024-08-02 11:05:39,25018.0,,,,,,,,,,,,,False,False
34898,phys,100.0,2024-08-02 19:24:55,,54.61,2.34,54.61,2.34,-0.18,0.54,53.83,4.52,53.91,4.52,-0.04,0.74,True,True
34899,phys,100.0,2024-08-02 20:41:31,26020.0,50.14,2.4,49.65,2.2,0.25,0.85,54.77,3.18,50.15,2.82,2.15,0.65,False,False
34902,phys,100.0,2024-08-03 11:03:26,17174.0,53.03,2.61,52.44,2.17,0.31,0.64,54.01,3.75,54.9,3.06,0.19,0.98,False,False
34905,undef,100.0,,,47.72,2.25,47.72,2.25,-0.18,0.54,45.18,2.13,45.18,2.13,-0.04,0.74,True,True
34906,phys,100.0,2024-08-04 04:15:38,35026.0,44.04,1.99,44.22,1.67,-0.2,0.23,51.31,3.21,50.39,2.56,0.35,0.34,False,False
34907,phys,100.0,2024-08-04 15:27:16,18484.0,52.27,2.32,55.04,2.01,-0.52,0.48,60.85,3.62,63.25,3.07,-0.86,0.8,False,False
34908,phys,100.0,2024-08-04 21:57:11,22477.0,50.41,2.28,50.98,1.96,-0.25,0.39,53.53,2.17,54.42,1.88,0.06,0.36,False,False
34909,phys,100.0,2024-08-05 05:28:58,23093.0,50.19,2.32,51.21,1.97,0.1,0.39,54.09,2.18,54.3,1.9,0.1,0.34,False,False
34910,phys,100.0,2024-08-05 14:31:22,22772.0,50.43,2.22,51.24,1.9,0.47,0.37,54.32,2.38,53.5,2.08,0.33,0.37,False,False
34911,phys,100.0,2024-08-05 22:23:03,,52.76,1.73,52.76,1.73,-0.18,0.54,54.73,2.37,54.73,2.37,-0.04,0.74,True,True
34912,phys,100.0,2024-08-06 01:17:51,18433.0,58.28,2.68,55.45,1.99,1.44,0.7,59.03,2.9,57.0,2.32,0.94,0.69,False,False
34913,phys,100.0,2024-08-06 07:49:32,13815.0,51.83,2.61,51.83,2.61,-0.18,0.54,57.35,2.72,57.35,2.72,-0.04,0.74,True,True
34915,undef,100.0,,,54.42,2.86,54.42,2.86,-0.18,0.54,54.02,3.01,54.2,3.01,-0.04,0.74,True,True
34916,undef,24.0,,,,,,,,,,,,,,,False,False
34917,phys,100.0,2024-08-06 20:17:37,23017.0,57.62,2.91,58.19,2.32,-0.18,0.58,58.49,3.1,59.41,2.54,0.75,0.56,False,False
34918,phys,100.0,2024-08-07 05:41:35,7496.0,51.99,2.21,50.45,1.95,0.46,1.0,37.24,2.14,58.95,2.2,-10.94,1.09,False,False
34925,phys,100.0,2024-08-07 21:09:14,44293.0,51.23,2.08,50.69,1.73,0.05,0.19,26.01,4.57,30.91,5.27,0.23,0.37,False,False
34929,phys,100.0,2024-08-08 20:39:07,11673.0,49.03,2.49,48.27,2.19,0.39,0.73,16.9,2.06,19.18,2.21,-0.23,0.89,False,False
34930,undef,24.0,,,,,,,,,,,,,,,False,False
34931,phys,100.0,2024-08-09 02:16:11,10722.0,52.75,2.57,52.75,2.57,-0.18,0.54,55.21,3.69,55.21,3.69,-0.04,0.74,True,True
34933,phys,100.0,2024-08-09 08:54:23,28135.0,51.43,2.2,52.9,1.87,0.13,0.3,55.84,2.66,56.23,2.39,-0.13,0.33,False,False
34934,phys,100.0,2024-08-09 19:13:20,25330.0,51.69,2.29,51.18,1.95,-0.01,0.35,52.08,2.61,55.26,2.29,0.35,0.37,False,False
34935,undef,24.0,,,,,,,,,,,,,,,False,False
34939,phys,100.0,2024-08-10 09:49:43,,47.11,2.48,47.11,2.48,-0.18,0.54,48.74,3.24,48.74,3.24,-0.04,0.74,True,True
34946,undef,24.0,,,,,,,,,,,,,,,False,False
34947,phys,100.0,2024-08-11 14:35:05,23314.0,46.61,2.22,44.97,1.87,0.65,0.37,50.7,2.53,53.06,2.23,0.17,0.38,False,False
34948,phys,100.0,2024-08-11 22:27:38,,49.48,2.37,48.75,2.03,0.2,0.35,48.78,2.24,51.5,2.02,0.1,0.3,False,False
34949,phys,100.0,2024-08-12 06:49:08,29577.0,52.57,2.36,53.57,2.03,-0.38,0.31,52.58,2.55,53.36,2.27,0.03,0.31,False,False
34950,phys,100.0,2024-08-12 17:53:48,22979.0,48.74,2.53,48.66,2.15,0.45,0.41,48.85,2.55,45.2,2.23,0.64,0.39,False,False
34951,phys,100.0,2024-08-13 01:32:52,14605.0,49.98,2.44,49.64,2.15,0.1,0.64,53.41,2.57,53.34,2.33,0.21,0.56,False,False
34953,phys,100.0,2024-08-13 08:25:41,25685.0,49.73,2.33,50.15,2.06,-0.15,0.35,50.52,2.42,51.0,2.11,0.36,0.34,False,False
34954,undef,100.0,,,49.5,2.52,49.5,2.52,-0.18,0.54,47.53,3.22,47.53,3.22,-0.04,0.74,True,True
34955,phys,100.0,2024-08-13 18:48:53,24046.0,50.89,2.19,50.42,1.88,0.29,0.34,52.6,2.49,53.63,2.15,0.39,0.38,False,False
34956,phys,100.0,2024-08-14 02:44:20,19073.0,49.44,2.27,49.16,1.96,0.23,0.44,49.85,2.46,47.89,2.14,0.57,0.46,False,False
34958,phys,100.0,2024-08-14 21:48:15,20239.0,51.67,2.29,53.15,1.99,-0.28,0.42,51.11,2.38,53.2,2.04,0.25,0.45,False,False
34959,undef,100.0,,,53.92,2.48,53.92,2.48,-0.18,0.54,52.73,3.26,52.73,3.26,-0.04,0.74,True,True
34960,undef,24.0,,,,,,,,,,,,,,,False,False
34961,undef,100.0,,,55.2,2.79,55.2,2.79,-0.18,0.54,52.19,2.86,52.19,2.86,-0.04,0.74,True,True
34968,undef,24.0,,,,,,,,,,,,,,,False,False
34969,phys,100.0,2024-08-15 15:53:24,23134.0,49.54,2.27,50.29,1.94,0.19,0.37,54.67,2.53,55.84,2.23,-0.29,0.39,False,False
34970,phys,100.0,2024-08-16 00:10:56,22926.0,49.62,2.11,47.55,1.78,0.69,0.35,48.87,2.48,46.29,2.14,0.76,0.38,False,False
34971,phys,100.0,2024-08-16 09:05:15,23065.0,48.44,2.18,50.45,1.86,-0.11,0.37,50.0,2.29,47.84,1.97,0.53,0.36,False,False
34972,phys,100.0,2024-08-16 18:27:17,22886.0,48.78,2.34,49.44,2.06,-0.87,0.39,48.58,2.46,50.41,2.18,-0.64,0.39,False,False
34973,phys,100.0,2024-08-17 02:02:05,22919.0,51.07,2.19,52.78,1.88,-0.39,0.37,50.21,2.37,47.32,2.02,0.64,0.38,False,False
34974,phys,100.0,2024-08-17 09:40:54,14074.0,53.17,2.61,53.31,2.2,-0.5,0.76,52.82,2.83,50.72,2.34,1.16,0.8,False,False
34979,undef,24.0,,,,,,,,,,,,,,,False,False
34981,phys,100.0,2024-08-17 21:14:14,4988.0,50.71,2.07,49.22,1.85,1.41,1.35,47.36,2.33,45.47,2.1,2.16,1.42,False,False
34982,undef,24.0,,,,,,,,,,,,,,,False,False
34983,phys,100.0,2024-08-18 00:34:42,18749.0,48.74,2.21,47.57,1.88,0.47,0.44,48.74,2.4,50.0,2.11,-0.12,0.48,False,False
34984,phys,100.0,2024-08-18 07:01:10,17053.0,48.24,2.48,53.55,2.0,-2.17,0.69,49.19,3.03,50.19,2.46,0.56,0.77,False,False
34986,undef,24.0,,,,,,,,,,,,,,,False,False
34987,phys,100.0,2024-08-18 16:09:49,22907.0,48.66,2.16,51.7,1.84,-0.33,0.37,49.11,2.06,47.56,1.75,0.64,0.33,False,False
34992,undef,24.0,,,,,,,,,,,,,,,False,False
34993,phys,100.0,2024-08-19 22:33:42,,50.11,3.2,50.11,2.2,-0.11,0.8,54.0,3.13,55.76,2.24,-0.63,0.76,False,False
34995,phys,100.0,2024-08-20 06:18:46,33738.0,50.87,2.09,51.43,1.77,-0.2,0.25,50.03,2.17,50.06,1.87,0.08,0.24,False,False
34996,phys,100.0,2024-08-20 17:00:31,22712.0,47.97,2.46,45.47,2.12,0.23,0.4,51.53,2.98,55.01,2.73,-0.83,0.45,False,False
34997,phys,100.0,2024-08-21 00:49:45,7687.0,46.68,2.28,46.68,2.28,-0.18,0.54,52.71,3.2,52.71,3.2,-0.04,0.74,True,True
34999,phys,100.0,2024-08-21 05:52:51,6914.0,48.57,2.31,47.7,2.01,0.85,1.19,51.21,2.9,49.7,2.57,1.61,1.36,False,False
35002,phys,100.0,2024-08-21 16:40:36,,52.34,1.63,52.11,1.4,-0.7,2.18,55.39,1.89,55.93,1.66,-1.1,2.4,False,False
35003,phys,100.0,2024-08-21 18:37:33,,51.89,1.07,51.83,1.07,-0.18,0.54,51.04,1.22,51.04,1.22,-0.04,0.74,True,True
35004,undef,24.0,,,,,,,,,,,,,,,False,False
35005,phys,100.0,2024-08-21 21:24:15,29804.0,49.56,2.05,50.26,1.74,-0.28,0.27,48.78,2.46,49.87,2.14,0.03,0.3,False,False
35006,phys,100.0,2024-08-22 07:24:50,29704.0,51.93,2.15,53.12,1.84,-0.02,0.28,48.83,2.22,48.17,1.89,0.3,0.28,False,False
35007,phys,100.0,2024-08-22 16:56:36,29878.0,50.06,2.11,51.57,1.79,-0.43,0.28,51.38,2.07,53.55,1.74,-0.11,0.28,False,False
35008,phys,100.0,2024-08-23 02:35:05,14330.0,52.48,2.48,51.81,2.06,0.15,0.72,51.98,2.79,48.1,2.31,1.78,0.75,False,False
35009,phys,100.0,2024-08-23 07:57:42,29899.0,52.95,2.11,52.96,1.77,0.23,0.28,51.71,2.24,52.6,1.92,0.23,0.28,False,False
35010,phys,100.0,2024-08-23 18:44:53,35126.0,48.88,2.07,50.86,1.74,-0.34,0.24,50.28,2.01,48.68,1.64,0.23,0.24,False,False
35011,phys,100.0,2024-08-24 05:44:21,32012.0,51.58,2.04,53.3,1.75,-0.38,0.25,52.79,2.08,54.11,1.81,-0.08,0.24,False,False
35012,undef,100.0,,,49.91,2.43,49.91,2.43,-0.18,0.54,50.22,3.12,50.22,3.12,-0.04,0.74,True,True
35015,phys,100.0,2024-08-24 18:26:17,29663.0,49.6,2.15,53.46,1.88,-1.01,0.28,51.13,2.35,50.5,2.02,0.32,0.29,False,False
35016,phys,100.0,2024-08-25 03:59:48,30011.0,47.87,2.1,47.53,1.77,-0.24,0.28,54.78,2.38,55.12,2.04,0.33,0.29,False,False
35017,phys,100.0,2024-08-25 13:50:49,32306.0,40.42,2.0,40.89,1.68,0.09,0.25,42.27,2.21,40.09,1.89,0.22,0.26,False,False
35018,phys,100.0,2024-08-26 00:07:04,6425.0,49.88,2.63,49.88,2.63,-0.18,0.54,44.85,2.95,44.85,2.95,-0.04,0.74,True,True
35019,phys,100.0,2024-08-26 03:32:58,9853.0,50.3,2.85,50.3,2.85,-0.18,0.54,55.51,3.6,55.51,3.6,-0.04,0.74,True,True
35024,phys,100.0,2024-08-27 05:19:10,27959.0,50.54,2.63,53.93,2.18,-0.97,0.41,52.78,8.79,64.84,7.15,-2.54,1.39,False,False
35026,phys,100.0,2024-08-27 15:22:38,8029.0,54.72,2.51,54.72,2.51,-0.18,0.54,57.77,3.27,57.77,3.27,-0.04,0.74,True,True
35027,phys,100.0,2024-08-27 19:09:20,,52.49,2.47,52.49,2.47,-0.18,0.54,54.22,3.16,54.22,3.16,-0.04,0.74,True,True
35029,phys,100.0,2024-08-27 21:59:47,8453.0,54.45,2.51,54.06,2.28,-0.5,0.95,51.92,2.47,53.99,2.18,2.0,0.93,False,False
35030,phys,100.0,2024-08-28 02:40:08,19117.0,51.98,2.09,49.89,1.78,0.49,0.42,55.8,2.34,56.02,2.04,0.34,0.43,False,False
35031,phys,100.0,2024-08-28 19:40:57,30009.0,52.33,1.98,53.31,1.68,-0.17,0.26,54.28,2.4,57.15,2.11,-0.49,0.3,False,False
35032,phys,100.0,2024-08-29 05:17:31,21987.0,51.38,2.18,52.21,1.89,-0.63,0.39,51.34,2.43,51.26,2.09,0.49,0.42,False,False
35035,phys,100.0,2024-08-29 15:31:25,,47.42,2.53,47.42,2.53,-0.18,0.54,54.17,2.89,54.17,2.89,-0.04,0.74,True,True
35036,phys,100.0,2024-08-29 16:52:55,29875.0,49.24,2.01,52.77,1.72,-0.26,0.26,52.78,2.24,52.41,1.93,0.02,0.28,False,False
35037,phys,100.0,2024-08-30 02:53:20,,52.08,2.32,52.08,2.32,-0.18,0.54,54.1,3.51,54.1,3.51,-0.04,0.74,True,True
35038,phys,100.0,2024-08-30 04:48:32,,54.26,2.44,54.26,2.44,-0.18,0.54,55.33,3.25,55.33,3.25,-0.04,0.74,True,True
35039,phys,100.0,2024-08-30 06:02:48,29996.0,53.76,2.08,54.96,1.79,-0.45,0.27,52.25,2.38,50.84,2.04,0.14,0.3,False,False
35040,phys,100.0,2024-08-30 17:18:41,29887.0,49.7,1.93,49.48,1.62,0.11,0.26,51.46,2.42,55.64,2.09,-0.11,0.31,False,False
35041,phys,100.0,2024-08-31 04:18:32,,49.54,1.99,49.3,1.7,-0.4,0.26,48.79,2.26,49.68,1.93,0.18,0.29,False,False
35042,phys,100.0,2024-08-31 13:58:21,29889.0,49.74,1.94,49.81,1.64,-0.09,0.26,49.36,2.23,47.22,1.91,0.41,0.28,False,False
35043,phys,100.0,2024-09-01 00:02:29,29911.0,50.17,2.01,47.92,1.68,0.21,0.27,49.06,2.21,50.55,1.91,0.02,0.28,False,False
35044,phys,100.0,2024-09-01 09:43:51,29812.0,51.78,2.03,51.27,1.73,-0.42,0.27,49.29,2.18,50.37,1.86,-0.03,0.28,False,False
35046,phys,100.0,2024-09-01 20:39:39,29770.0,51.07,1.99,51.31,1.68,0.17,0.27,52.58,2.26,51.75,1.9,0.73,0.29,False,False
35047,phys,100.0,2024-09-02 06:30:30,30273.0,53.83,2.34,54.08,2.0,0.22,0.3,52.07,2.1,53.11,1.78,0.32,0.26,False,False
35048,phys,100.0,2024-09-02 17:06:29,,46.81,2.33,46.81,2.33,-0.18,0.54,26.4,2.3,26.4,2.3,-0.04,0.74,True,True
35050,phys,100.0,2024-09-02 21:07:13,,50.41,2.4,50.41,2.4,-0.18,0.54,43.18,2.15,43.18,2.15,-0.04,0.74,True,True
35052,phys,100.0,2024-09-03 01:19:58,30153.0,49.26,1.89,50.07,1.63,-0.24,0.24,,,49.61,,-0.04,0.74,False,True
35053,phys,100.0,2024-09-03 11:47:44,,46.6,2.49,46.6,2.49,-0.18,0.54,51.7,2.93,51.7,2.93,-0.04,0.74,True,True
35055,phys,100.0,2024-09-03 16:44:20,29786.0,49.07,1.96,47.17,1.66,0.19,0.26,56.5,3.31,58.04,2.79,0.2,0.44,False,False
35056,phys,100.0,2024-09-04 02:21:37,22988.0,51.8,2.27,50.16,1.92,0.35,0.38,49.64,3.29,49.33,2.74,-0.06,0.59,False,False
35062,phys,100.0,2024-09-04 21:39:37,29879.0,50.45,2.01,50.61,1.71,-0.16,0.26,52.38,3.32,48.32,2.71,1.11,0.46,False,False
35063,phys,100.0,2024-09-05 07:15:15,29989.0,49.91,1.93,48.87,1.61,0.12,0.26,53.68,3.34,50.88,2.76,0.71,0.46,False,False
35064,phys,100.0,2024-09-05 16:54:19,32321.0,47.32,1.94,46.56,1.61,0.19,0.25,51.25,3.25,48.43,2.66,0.76,0.42,False,False
35065,phys,100.0,2024-09-06 03:07:10,41412.0,42.96,1.77,44.58,1.5,-0.05,0.17,47.99,2.96,48.25,2.46,0.37,0.29,False,False
35066,phys,100.0,2024-09-06 15:48:17,30088.0,46.42,1.98,46.7,1.68,-0.09,0.26,49.93,3.35,48.57,2.79,0.35,0.45,False,False
35067,undef,100.0,,,46.94,2.26,46.94,2.26,-0.18,0.54,45.77,3.32,45.84,3.32,-0.04,0.74,True,True
35068,phys,100.0,2024-09-07 02:47:59,16323.0,44.67,2.47,44.31,1.95,-0.07,0.7,55.32,4.13,50.82,3.06,2.72,1.22,False,False
35071,phys,100.0,2024-09-07 09:52:26,29633.0,49.19,2.06,50.5,1.78,-0.5,0.27,50.44,3.27,49.28,2.73,0.64,0.44,False,False
35072,phys,100.0,2024-09-07 23:10:29,29925.0,47.05,1.98,49.01,1.67,0.0,0.26,48.46,3.2,48.48,2.62,0.47,0.44,False,False
35073,phys,100.0,2024-09-08 08:56:01,8531.0,45.73,2.28,45.73,2.28,-0.18,0.54,55.02,3.15,55.1,3.15,-0.04,0.74,True,True
35075,undef,24.0,,,,,,,,,,,,,,,False,False
35078,phys,100.0,2024-09-08 17:09:08,29679.0,45.52,2.09,48.1,1.78,-0.23,0.27,55.86,3.53,57.93,2.99,-0.06,0.47,False,False
35079,phys,100.0,2024-09-09 02:44:26,29685.0,46.69,2.04,48.19,1.74,-0.18,0.27,,,,,-0.04,0.74,False,True
35080,phys,100.0,2024-09-09 14:32:04,29789.0,45.99,1.93,47.47,1.65,-0.52,0.26,47.46,3.22,48.9,2.66,0.18,0.45,False,False
35081,phys,100.0,2024-09-10 00:17:20,10096.0,46.35,2.37,46.35,2.37,-0.18,0.54,53.31,3.7,53.39,3.7,-0.04,0.74,True,True
35083,phys,100.0,2024-09-10 05:48:17,30077.0,46.3,1.95,47.65,1.67,-0.29,0.26,48.67,3.37,49.93,2.83,-0.15,0.45,False,False
35084,phys,100.0,2024-09-10 15:25:39,15054.0,48.18,2.42,47.98,1.97,0.01,0.69,51.82,3.84,50.92,3.02,2.27,1.15,False,False
35085,phys,100.0,2024-09-10 21:28:45,13846.0,49.13,2.29,49.07,1.91,0.22,0.69,47.44,3.77,44.3,3.0,2.91,1.18,False,False
35086,phys,100.0,2024-09-11 02:35:21,19287.0,44.67,2.11,46.57,1.82,-0.43,0.42,44.3,3.53,42.28,2.94,0.67,0.73,False,False
35089,phys,100.0,2024-09-11 22:27:39,35064.0,47.39,1.82,46.11,1.53,0.1,0.21,,,,,-0.04,0.74,False,True
35090,phys,100.0,2024-09-12 09:43:12,29838.0,44.7,1.83,45.28,1.57,-0.53,0.25,49.47,3.33,47.37,2.73,0.7,0.46,False,False
35091,phys,100.0,2024-09-12 19:32:33,30117.0,46.75,1.94,46.35,1.63,0.27,0.26,47.2,3.13,42.78,2.52,1.15,0.44,False,False
35092,phys,100.0,2024-09-13 05:24:37,,47.15,2.07,47.63,1.81,0.19,0.52,51.68,3.48,47.94,2.95,1.86,0.92,False,False
35093,phys,100.0,2024-09-13 19:22:58,,46.15,194.22,46.15,194.22,-0.18,0.54,45.96,3.52,46.03,3.52,-0.04,0.74,True,True
35094,phys,100.0,2024-09-13 21:14:07,,48.59,2.47,48.59,2.47,-0.18,0.54,44.81,3.46,44.88,3.46,-0.04,0.74,True,True
35095,phys,100.0,2024-09-14 01:21:52,29594.0,45.61,1.93,46.07,1.63,-0.04,0.26,47.28,3.47,47.46,2.91,0.09,0.47,False,False
35096,phys,100.0,2024-09-14 13:26:08,29705.0,47.5,1.97,49.39,1.69,0.08,0.25,49.75,3.29,48.88,2.8,0.3,0.43,False,False
35097,phys,100.0,2024-09-14 23:11:50,41416.0,46.92,1.86,49.01,1.57,-0.23,0.18,49.5,3.17,51.72,2.65,-0.21,0.31,False,False
35098,phys,100.0,2024-09-15 15:03:46,29654.0,46.99,2.01,46.49,1.71,-0.15,0.27,50.32,3.32,53.45,2.83,-0.64,0.45,False,False
35099,phys,100.0,2024-09-16 01:17:44,29625.0,48.1,2.04,49.89,1.73,-0.26,0.27,47.32,3.37,44.78,2.77,0.68,0.47,False,False
35100,phys,100.0,2024-09-16 11:39:07,,47.26,1.76,47.26,1.76,-0.18,0.54,49.03,2.75,49.1,2.75,-0.04,0.74,True,True
35101,phys,100.0,2024-09-16 15:06:01,29769.0,48.43,1.99,49.41,1.71,-0.06,0.26,48.94,3.26,48.05,2.73,0.42,0.44,False,False
35102,phys,100.0,2024-09-17 00:46:34,35672.0,46.79,1.92,47.14,1.63,-0.12,0.22,50.21,3.3,48.88,2.71,0.18,0.39,False,False
35104,phys,100.0,2024-09-17 17:12:20,29822.0,48.5,1.96,48.85,1.67,0.06,0.26,50.05,3.22,46.74,2.62,1.4,0.44,False,False
35105,phys,100.0,2024-09-18 02:55:02,16580.0,48.81,2.24,46.99,1.92,0.24,0.52,50.23,3.54,51.23,2.98,0.45,0.85,False,False
35115,phys,100.0,2024-09-19 02:24:20,,47.68,2.52,47.68,2.52,-0.18,0.54,45.04,3.43,45.11,3.43,-0.04,0.74,True,True
35116,phys,100.0,2024-09-19 03:56:10,29726.0,46.94,1.92,48.41,1.62,-0.15,0.26,49.57,3.22,48.21,2.65,0.54,0.45,False,False
35117,phys,100.0,2024-09-19 13:25:08,39398.0,44.8,2.14,45.95,1.72,-0.34,0.25,46.53,3.33,43.82,2.54,0.67,0.4,False,False
35118,phys,100.0,2024-09-20 02:14:21,29887.0,47.1,2.3,50.05,1.81,-0.68,0.37,46.39,3.8,47.54,2.88,-0.11,0.62,False,False
35119,phys,100.0,2024-09-20 11:45:20,26008.0,47.13,2.06,47.63,1.78,-0.28,0.3,52.1,3.46,51.41,2.94,0.47,0.51,False,False
35120,phys,100.0,2024-09-21 00:17:41,29806.0,45.25,1.95,44.86,1.64,-0.0,0.26,49.87,3.28,46.36,2.72,0.96,0.44,False,False
35121,phys,100.0,2024-09-21 09:57:50,30255.0,48.15,2.09,46.95,1.75,0.26,0.27,50.7,3.3,48.7,2.72,0.4,0.45,False,False
35122,phys,100.0,2024-09-21 19:30:06,29840.0,43.72,2.06,40.5,1.73,0.47,0.27,48.51,3.22,46.49,2.68,0.58,0.43,False,False
35123,phys,100.0,2024-09-22 05:21:42,29631.0,44.81,1.98,46.64,1.68,-0.13,0.27,46.53,3.29,44.86,2.72,0.4,0.46,False,False
35124,phys,100.0,2024-09-22 15:02:26,29865.0,44.07,1.99,44.15,1.67,0.3,0.27,50.75,3.41,48.83,2.79,0.95,0.48,False,False
35125,undef,24.0,,,,,,,,,,,,,,,False,False
35127,phys,100.0,2024-09-23 02:51:47,29658.0,43.76,2.14,42.45,1.8,0.15,0.29,46.53,3.29,45.7,2.7,0.34,0.46,False,False
35128,phys,100.0,2024-09-23 12:38:03,5179.0,44.03,2.39,43.23,2.27,-0.42,2.32,47.45,3.4,40.15,2.77,9.97,2.69,False,False
35129,phys,100.0,2024-09-23 16:10:31,,43.38,2.09,44.63,1.77,-0.29,0.28,45.2,3.36,38.89,2.74,1.36,0.46,False,False
35130,phys,100.0,2024-09-24 01:44:24,29583.0,46.39,2.0,45.23,1.69,-0.01,0.27,48.7,3.36,45.99,2.78,0.79,0.46,False,False
35131,phys,100.0,2024-09-24 11:13:50,29299.0,46.57,2.34,48.29,1.83,0.11,0.38,44.22,3.85,42.16,2.87,0.73,0.64,False,False
35132,phys,100.0,2024-09-24 20:45:14,,46.47,2.33,46.47,2.33,-0.18,0.54,48.47,3.44,48.55,3.44,-0.04,0.74,True,True
35133,phys,100.0,2024-09-24 21:59:27,22690.0,44.35,2.05,44.66,1.75,-0.32,0.36,45.54,3.28,47.05,2.74,-0.27,0.59,False,False
35134,phys,100.0,2024-09-25 05:24:25,16146.0,46.76,2.18,46.6,1.89,-0.08,0.5,44.78,3.31,41.36,2.77,1.48,0.81,False,False
35140,phys,100.0,2024-09-25 16:35:28,,,,,,-0.18,0.54,61.58,68.6,61.68,68.6,-0.04,0.74,True,True
35141,undef,100.0,,,,,,,-0.18,0.54,67.28,67.38,67.39,67.38,-0.04,0.74,True,True
35143,phys,100.0,2024-09-25 19:05:49,29833.0,45.72,2.22,46.57,1.9,-0.39,0.29,49.35,3.3,49.47,2.75,0.18,0.45,False,False
35144,phys,100.0,2024-09-26 04:34:01,19807.0,42.82,2.09,43.09,1.82,-0.47,0.4,45.4,3.37,41.23,2.77,1.73,0.69,False,False
35147,phys,100.0,2024-09-26 13:46:25,38041.0,42.12,1.88,40.43,1.6,0.08,0.2,44.2,3.15,44.55,2.64,-0.09,0.34,False,False
35148,phys,100.0,2024-09-27 01:34:18,29961.0,43.41,2.0,45.25,1.71,-0.49,0.27,44.89,3.39,43.35,2.79,0.38,0.47,False,False
35149,phys,100.0,2024-09-27 11:32:31,29769.0,44.3,2.1,45.78,1.82,-0.82,0.28,44.16,3.31,42.41,2.72,0.29,0.47,False,False
35150,phys,100.0,2024-09-27 22:00:59,29936.0,42.7,2.03,43.16,1.72,-0.03,0.27,43.51,3.28,45.33,2.73,-0.22,0.45,False,False
35151,phys,100.0,2024-09-28 07:31:47,35918.0,44.39,2.03,45.54,1.71,-0.43,0.23,46.19,3.13,45.07,2.52,0.43,0.38,False,False
35152,phys,100.0,2024-09-28 19:00:46,29769.0,40.96,2.21,42.15,1.83,-0.32,0.31,43.49,3.22,40.57,2.65,0.56,0.45,False,False
35153,phys,100.0,2024-09-29 04:23:59,29691.0,42.86,2.57,120.97,2.21,-0.23,0.33,44.58,4.08,43.23,2.97,0.36,0.69,False,False
35154,phys,100.0,2024-09-29 14:23:37,29825.0,43.54,2.03,44.99,1.75,-0.03,0.26,42.72,2.28,43.41,1.89,0.13,0.31,False,False
